,Gene_x
632433,AADAT
138025,AANAT
191531,AARD
218991,ABCF2-H2BK1
16797,ABRA
75639,ACADL
96051,ACAP2-IT1
635829,ACBD7
633151,ACE2
758858,ACER1
619780,ACKR1
76119,ACKR4
142902,ACOT6
18948,ACOXL-AS1
138053,ACSBG2
821844,ACTA2-AS1
125365,ACTG2
632688,ACTL8
631835,ACTN2
148785,ACTN3
141506,ACTRT3
145386,ACVR2B-AS1
262335,ADAD2
136698,ADAM11
138518,ADAM21
80398,ADAM32
130198,ADAMTSL2
885564,ADARB2-AS1
252272,ADCY1
126351,ADCY5
626787,ADCY6
213273,ADCY6-DT
695566,ADCYAP1
213075,ADGRA1-AS1
126721,ADGRA3
137724,ADGRB2
375595,ADGRB3
62431,ADGRL2
124318,ADGRL4
201521,ADGRV1
76074,ADM2
201442,ADORA1
371986,ADORA3
626478,ADRA2A
260338,ADRB1
513396,ADRB3
634262,AFF2
962261,AGAP1-IT1
511776,AGAP5
822477,AGBL4
153035,AGK-DT
380314,AHNAK2
127109,AHRR
635259,AHSP
138021,AJUBA
275399,AJUBA-DT
79870,AKAP14
510318,AKAP6
839819,AKR1C8
1005710,ALAS2
76115,ALDH1A2
64477,ALDH1L1
818064,ALDH3A1
97460,ALG9-IT1
18361,ALKAL2
139414,ALOX15
202883,ALOXE3
504431,ALPK3
879818,AMH
200165,AMHR2
880225,AMPD1
62903,ANGPTL1
79963,ANGPTL5
200637,ANK2
150353,ANK3-DT
140185,ANKK1
263577,ANKRD2
821147,ANKRD20A4P
134578,ANKRD29
264905,ANKRD30B
139507,ANKRD30BL
389669,ANKRD34B
144356,ANKRD44-DT
199697,ANKRD60
81090,ANKUB1
446007,ANO2
67040,ANOS1
155625,ANTXRL
91701,ANXA8
91581,ANXA8L1
76219,AOC2
72252,AOC3
633547,AOX1
678706,AOX3P-AOX2P
260900,AP3B2
192375,APLNR
135519,APLP1
147184,APOA1-AS
140520,APOBEC4
827658,APOC2
824817,APOC4-APOC2
2823,APOD
816445,APOE
880094,ARFGEF3
141710,ARGFX
826775,ARHGAP15-AS1
76510,ARHGAP20
123828,ARHGEF16
646318,ARHGEF17-AS1
143878,ARHGEF2-AS1
812592,ARHGEF25
886073,ARHGEF33
645564,ARL14EP-DT
76701,ARL5C
21808,ARMC2-AS1
145006,ARMCX3-AS1
146949,ARNILA
145456,ARSD-AS1
77338,ARSL
124181,ARTN
136430,ARX
265815,ASAH2
204399,ASB12
269921,ASCL5
157305,ASH1L-IT1
261143,ASIC1
11061,ASIP
129951,ASPN
880270,ATP10B
260995,ATP6V0A4
85996,ATP6V1B1-AS1
138997,ATP6V1G3
154053,ATXN7L3-AS1
75116,AVP
441284,AVPR1A
385484,AVPR2
77597,AXDND1
283160,B3GAT1-DT
141053,B3GNT3
138285,B4GALNT1
209388,BAALC-AS2
84225,BACH1-AS1
98787,BACH1-IT1
261748,BAIAP2L2
440507,BAMBI
385664,BARX1
150475,BBOX1-AS1
630778,BCAM
818924,BCAN
207378,BCAN-AS2
277735,BCAS3-AS1
200302,BCL2L10
133822,BCL6B
227279,BCRP3
450206,BDNF
91188,BEAN1-AS1
447381,BEST3
202998,BHLHA15
79246,BHLHE22
69246,BICC1
275127,BICD1-AS1
133254,BICDL2
196895,BIRC7
156589,BLACAT1
15276,BMP3
884080,BMP8A
217867,BMS1P14
118294,BMS1P4_ENSG00000271816
137054,BMX
125910,BOK
139033,BOLL
262193,BRDT
140599,BRSK2
160694,BRWD1-IT1
456825,BTBD3-AS1
621932,BTC
140068,BTNL3
20753,BUD13-DT
199319,BVES
885250,BVES-AS1
83729,BZW1-AS1
140991,C10orf67
205746,C10orf67-AS1
68558,C11orf96
141074,C12orf40
388417,C12orf54
141619,C12orf56
885020,C14orf178
143464,C16orf90
142923,C16orf96
30989,C17orf50
265733,C19orf67
630918,C19orf81
91397,C19orf84
638815,C1GALT1C1L
153576,C1QTNF1-AS1
202292,C1QTNF4
25158,C1QTNF7-AS1
450748,C1orf116
637725,C1orf141
61997,C1orf167
86057,C1orf226
268836,C1orf50-AS1
881597,C20orf144
143504,C20orf202
637563,C20orf203
137977,C22orf23
81041,C22orf42
144226,C2CD4D
15372,C2CD6
73285,C3_ENSG00000125730
636169,C3orf80
891083,C4A
139578,C4orf36
634730,C4orf45
264945,C4orf50
86846,C5orf34-AS1
529532,C5orf64
268492,C6orf47-AS1
140551,C9orf131
695193,CA1
137612,CA14
5786,CA3
753453,CABLES1
75071,CABP7
15318,CABYR
76170,CACNG6
73975,CACNG8
268360,CACTIN-AS1
871410,CADPS2
74544,CALCR
205704,CALCRL-AS1
389236,CALHM1
450339,CALHM5
446118,CAMK2A
81968,CAMK2G-AS1
123942,CAMK2N1
952177,CAMTA1-DT
447813,CAPN11
143420,CAPN14
398721,CAPNS2
250944,CAPSL
147580,CARD11-AS1
76693,CARD14
276782,CARHSP1-DT
189422,CARMN
204420,CARNMT1-AS1
274079,CASC19
148974,CASC9
263771,CASKIN1
76758,CASQ1
77379,CATIP
883268,CATSPERD
629224,CAVIN1
641666,CAVIN2-AS1
882889,CAVIN4
140549,CBY2
837319,CCAT2
882043,CCDC116
22599,CCDC144NL-AS1
139068,CCDC148
148230,CCDC169
80491,CCDC180
632694,CCDC181
147329,CCDC200
806336,CCDC74B
77030,CCDC81
262746,CCDC83
153240,CCER2
389243,CCIN
72130,CCL2
75348,CCL24
138095,CCL25
384004,CCL26
72131,CCL7
72132,CCL8
382366,CCM2L
437636,CCN2
134905,CCN5
137450,CCN6
14483,CCNJL
15267,CCNO
69643,CD163L1
80914,CD177
328652,CD200R1L
880203,CD207
380573,CD276
77510,CD300LG
620019,CD34
150879,CD44-DT
372221,CD5L
828602,CD81-AS1
95285,CDC42-IT1
381224,CDH13
262532,CDH18
813174,CDH24
636105,CDH4
631875,CDH7
632563,CDH9
136703,CDHR2
636978,CDHR4
72522,CDK3
138461,CDKL2
142838,CDKL4
130949,CDON
381930,CDR2L
77686,CDS1
75038,CECR2
210035,CECR3
28914,CEDORA
140249,CEL
264990,CELF2-AS1
258387,CELF4
139385,CELF5
14765,CELF6
75239,CEMIP
142948,CEMP1
638937,CENPVL3
136919,CEP170B
883590,CEP295NL
150007,CERNA3
635568,CES3
77469,CFAP157
262890,CFAP210
503420,CFAP251
266156,CFAP299
142366,CFAP43
379000,CFAP46
448053,CFAP74
80140,CFAP77
141450,CFAP91
188841,CFI
13781,CHD5
880874,CHIA
768893,CHILL1
645858,CHKA-DT
14436,CHL1
620156,CHRM3
141573,CHRM5
447134,CHRNA2
882794,CHRNA5
881212,CHST4
17579,CHST6
447257,CHST8
880560,CHURC1-FNTB
200481,CIB3
705523,CIBAR1-DT
138450,CILP
138115,CKMT2
137173,CLC
636667,CLCNKB
22795,CLDN14-AS1
437983,CLDN3
764825,CLEC12A-AS1
69668,CLEC1A
456730,CLEC2L
621177,CLEC3B
630295,CLEC4M
151231,CLIP1-AS1
5172,CLTRN
17042,CLVS1
446312,CMA1
450862,CMKLR2
807539,CNGA1
623371,CNKSR3
444708,CNN1
261428,CNNM1
273350,CNOT10-AS1
148229,CNTF
868572,CNTN4
142667,COL11A2
253767,COL15A1
247839,COL16A1
871272,COL1A2
807715,COL25A1
130051,COL27A1
267229,COL28A1
249481,COL5A2
635559,COL6A5
75603,COL7A1
64380,COL8A1
867750,COLEC11
815283,COLEC12
276773,COQ7-DT
75227,CORO7-PAM16
148120,CORT
11034,COX4I2
262974,COX6A2
76094,CPA4
621558,CPB1
143405,CPEB1
148571,CPEB2-DT
156925,CPHXL2
126636,CPLX1
89510,CPNE8-AS1
451803,CR1L
13548,CRACD
275441,CRAT37
695217,CRB1
68572,CREB3L1
755494,CREB3L3
140691,CREG2
632338,CRHR2
624645,CRISPLD1
197295,CRLF1
204801,CRLF2_ENSG00000205755
635674,CRMA
188568,CRMP1
206332,CROCC2
384737,CRX
204098,CRYBA4
199497,CRYGD
140413,CSDC2
139657,CSF2
79455,CSMD1
883305,CST6
641797,CT66
271221,CTAGE9
636040,CTDP1-DT
129626,CTHRC1
77561,CTRC
457983,CTTN-DT
376299,CTTNBP2
146610,CTXN2
508713,CUX2
819203,CUZD1
635205,CXCL11
626207,CXCL12
126845,CXCL13
76879,CXCL14
449025,CXCL5
76572,CXCL9
142659,CXorf65
322178,CYP24A1
274766,CYP2A6
74804,CYP2W1
507869,CYP46A1
124221,CYP4B1
135349,CYP4F12
79879,CYP4F3
624614,CYP7B1
375503,DAAM2
202892,DAND5
518334,DANT2
97101,DAPK1-IT1
144280,DBH-AS1
137343,DBX1
141868,DCC
16429,DCLK2
22330,DCST1-AS1
136755,DCT
250695,DDIT4L
326846,DDN
199230,DDX25
214272,DDX59-AS1
388647,DEFB124
20521,DEFB131B
643560,DEPTOR-AS1
63942,DES
155359,DGCR5
813188,DHRS2
122189,DHRS4L1_ENSG00000285467
98915,DHRSX-IT1_ENSG00000223571
144814,DIAPH3-AS1
143000,DIO1
139717,DIRAS2
145977,DIRC3
95522,DISC1-IT1
262309,DISP2
947283,DISP3
446719,DKK1
572347,DKK2
144771,DLG1-AS1
145969,DLG3-AS1
648533,DLGAP1-AS4
823171,DLGAP2
256616,DLL4
199431,DLX2
896710,DM1-AS
140741,DMRTA1
272786,DMXL1-DT
201851,DNAAF3
882493,DNAAF8
761237,DNAH10
149202,DNAH10OS
450048,DNAH12
884573,DNAH17
79572,DNAH2
145829,DNAH8-AS1
265683,DNAJB13
527922,DNAJB5-DT
80057,DNER
152787,DOCK9-DT
134679,DOK6
879162,DPEP1
91437,DPEP2NB
631599,DPF1
76980,DPYS
622630,DPYSL3
881338,DQX1
448762,DRC7
817847,DRP2
91795,DSCAS
22853,DTD1-AS1
505923,DTNA
138410,DUOX1
138529,DUOX2
872091,DUSP26
66735,DYNC1I1
86648,DYNC1LI2-DT
276073,DYNLRB2-AS1
890344,DYRK3-AS1
84229,DYTN
70421,DZIP1
510585,DZIP1L
134725,EBF4
394418,ECI2-DT
625056,ECM2
374879,EDIL3
135009,EEF1A2
451266,EFCAB6
205387,EFCAB8
194221,EFNB2
266268,EGFL6
210897,EGFLAM-AS1
89732,EGILA
192318,EHF
90367,EIF5-DT
900098,EIPR1-IT1
871201,ELN
826961,ELN-AS1
436360,EMCN
631171,EMID1
822767,ENO4
509017,ENOX1
513677,ENPP1
881762,ENPP3
883897,ENPP7
138735,ENSG00000145063.15
161000,ENSG00000151303.11
139304,ENSG00000159239.13
382785,ENSG00000167807.15
140538,ENSG00000173862.3
142308,ENSG00000197332.9
630067,ENSG00000197670.6
389930,ENSG00000197815.4
204425,ENSG00000203335.5
142547,ENSG00000203469.2
80668,ENSG00000203565.3
142626,ENSG00000203987.3
823546,ENSG00000204814.5
514155,ENSG00000205037.2
80979,ENSG00000205414.1
142882,ENSG00000205537.2
81004,ENSG00000205622.13
81017,ENSG00000205682.2
19176,ENSG00000205959.4
886030,ENSG00000214248.2
143375,ENSG00000214265.11
267179,ENSG00000214559.3
390971,ENSG00000214708.4
514755,ENSG00000214803.3
886102,ENSG00000214955.5
660453,ENSG00000215304.3
81625,ENSG00000215841.4
143528,ENSG00000217702.3
267305,ENSG00000217825.2
166194,ENSG00000221857.7
205500,ENSG00000222032.2
157658,ENSG00000223523.1
143685,ENSG00000223576.2
205591,ENSG00000223642.7
143722,ENSG00000223711.2
143727,ENSG00000223725.6
81872,ENSG00000223834.5
405930,ENSG00000223837.2
824541,ENSG00000223881.2
638880,ENSG00000223884.7
143785,ENSG00000223946.1
81903,ENSG00000223969.7
81907,ENSG00000223989.1
143817,ENSG00000224066.1
81933,ENSG00000224077.1
81950,ENSG00000224132.2
267639,ENSG00000224228.2
143899,ENSG00000224371.6
205804,ENSG00000224409.1
205827,ENSG00000224521.2
143944,ENSG00000224541.1
82079,ENSG00000224635.2
391555,ENSG00000224746.2
824782,ENSG00000224799.1
282769,ENSG00000224945.1
82174,ENSG00000224950.2
96438,ENSG00000225092.2
97178,ENSG00000225213.2
82260,ENSG00000225284.1
824951,ENSG00000225408.1
886843,ENSG00000225420.1
391796,ENSG00000225612.2
329929,ENSG00000225689.2
391831,ENSG00000225752.1
391880,ENSG00000225913.2
82477,ENSG00000226012.1
206263,ENSG00000226043.2
20629,ENSG00000226180.3
515740,ENSG00000226206.1
82560,ENSG00000226334.1
144471,ENSG00000226423.1
206394,ENSG00000226548.1
82624,ENSG00000226578.1
82630,ENSG00000226601.1
144520,ENSG00000226605.1
144550,ENSG00000226699.1
144600,ENSG00000226849.1
454058,ENSG00000226900.2
144669,ENSG00000227061.2
268487,ENSG00000227189.2
887368,ENSG00000227192.1
206617,ENSG00000227240.2
639852,ENSG00000227301.1
144809,ENSG00000227512.1
206744,ENSG00000227705.1
82981,ENSG00000227741.1
82986,ENSG00000227757.3
144903,ENSG00000227920.3
268698,ENSG00000228008.1
825691,ENSG00000228010.6
206818,ENSG00000228033.6
144974,ENSG00000228162.2
206876,ENSG00000228216.1
97247,ENSG00000228280.1
825789,ENSG00000228334.3
887683,ENSG00000228352.2
145047,ENSG00000228408.6
95569,ENSG00000228496.2
454524,ENSG00000228541.3
268864,ENSG00000228549.5
763972,ENSG00000228561.2
145124,ENSG00000228655.7
268946,ENSG00000228793.3
83284,ENSG00000228800.1
83291,ENSG00000228830.1
887841,ENSG00000228843.2
83298,ENSG00000228852.6
145189,ENSG00000228862.5
145204,ENSG00000228925.1
145258,ENSG00000229188.2
207153,ENSG00000229203.1
145283,ENSG00000229261.1
21512,ENSG00000229271.3
145292,ENSG00000229278.4
145310,ENSG00000229321.2
640441,ENSG00000229418.2
145363,ENSG00000229502.5
826163,ENSG00000229618.3
269175,ENSG00000229628.1
83527,ENSG00000229672.3
269210,ENSG00000229751.1
83550,ENSG00000229770.2
21679,ENSG00000229848.1
393022,ENSG00000229896.2
393027,ENSG00000229915.1
98885,ENSG00000229955.1
207389,ENSG00000229976.2
145503,ENSG00000229983.1
281220,ENSG00000230090.5
269326,ENSG00000230149.2
826323,ENSG00000230163.1
888244,ENSG00000230303.6
145599,ENSG00000230325.1
21835,ENSG00000230393.1
83748,ENSG00000230454.1
95453,ENSG00000230470.1
145643,ENSG00000230490.4
207538,ENSG00000230515.1
145655,ENSG00000230526.1
888321,ENSG00000230552.6
207569,ENSG00000230623.8
95692,ENSG00000230696.1
145714,ENSG00000230725.6
83854,ENSG00000230834.1
888437,ENSG00000231010.1
83914,ENSG00000231073.1
888469,ENSG00000231104.8
888475,ENSG00000231119.2
826663,ENSG00000231393.1
888563,ENSG00000231424.3
157425,ENSG00000231440.1
84039,ENSG00000231505.1
641041,ENSG00000231533.2
145962,ENSG00000231628.1
84102,ENSG00000231705.1
207916,ENSG00000231830.1
517365,ENSG00000231873.2
84153,ENSG00000231881.2
22271,ENSG00000231901.1
269832,ENSG00000231927.1
703076,ENSG00000232006.9
888748,ENSG00000232043.1
84241,ENSG00000232188.1
826907,ENSG00000232220.2
269920,ENSG00000232234.4
146215,ENSG00000232518.3
270005,ENSG00000232581.1
528717,ENSG00000232628.7
84357,ENSG00000232640.1
517587,ENSG00000232682.2
84470,ENSG00000233060.1
889015,ENSG00000233064.2
84486,ENSG00000233096.1
146394,ENSG00000233191.2
146412,ENSG00000233250.1
146413,ENSG00000233251.8
146437,ENSG00000233342.2
270335,ENSG00000233755.1
146658,ENSG00000234136.1
270522,ENSG00000234425.1
827558,ENSG00000234578.1
84905,ENSG00000234584.1
84940,ENSG00000234699.1
456305,ENSG00000234810.4
951411,ENSG00000234818.1
85001,ENSG00000234902.6
146953,ENSG00000235085.3
146968,ENSG00000235126.1
765883,ENSG00000235236.1
456454,ENSG00000235288.3
518343,ENSG00000235292.2
147024,ENSG00000235319.1
270805,ENSG00000235351.1
220819,ENSG00000235389.2
23270,ENSG00000235419.5
270853,ENSG00000235522.6
85204,ENSG00000235578.1
208990,ENSG00000235612.1
208997,ENSG00000235635.1
157716,ENSG00000235726.7
147147,ENSG00000235785.1
147149,ENSG00000235795.1
147160,ENSG00000235837.1
85274,ENSG00000235843.1
85278,ENSG00000235852.1
85328,ENSG00000236031.1
209139,ENSG00000236140.1
271071,ENSG00000236299.8
85427,ENSG00000236352.1
147319,ENSG00000236358.1
889977,ENSG00000236364.4
209222,ENSG00000236389.1
85452,ENSG00000236403.2
147356,ENSG00000236449.2
23582,ENSG00000236452.1
23583,ENSG00000236453.5
518693,ENSG00000236469.1
271147,ENSG00000236495.2
220520,ENSG00000236529.2
85522,ENSG00000236643.1
395042,ENSG00000236911.6
456938,ENSG00000236936.1
271277,ENSG00000236948.2
456946,ENSG00000236968.1
147605,ENSG00000237359.2
147618,ENSG00000237390.1
457067,ENSG00000237419.1
457085,ENSG00000237473.2
85774,ENSG00000237525.7
890320,ENSG00000237529.2
85777,ENSG00000237530.2
147831,ENSG00000238171.1
147843,ENSG00000238201.1
147863,ENSG00000238273.3
147865,ENSG00000238279.3
952410,ENSG00000238280.2
86012,ENSG00000239480.1
643015,ENSG00000239572.3
643018,ENSG00000239593.1
96710,ENSG00000239775.1
890623,ENSG00000240040.6
34100,ENSG00000240086.7
903520,ENSG00000240143.1
766862,ENSG00000240207.7
148021,ENSG00000240591.2
86158,ENSG00000240915.2
395639,ENSG00000241280.1
95997,ENSG00000241679.2
98926,ENSG00000241886.1
890856,ENSG00000242396.2
457660,ENSG00000242611.2
297036,ENSG00000243008.2
519606,ENSG00000243273.2
148279,ENSG00000243276.6
157585,ENSG00000243389.1
148300,ENSG00000243491.1
272103,ENSG00000243762.1
272111,ENSG00000243818.7
95384,ENSG00000243960.1
148356,ENSG00000244063.1
148402,ENSG00000244491.1
457877,ENSG00000245008.4
86559,ENSG00000245156.1
86562,ENSG00000245261.1
148458,ENSG00000245385.2
148461,ENSG00000245482.2
148485,ENSG00000245869.2
148497,ENSG00000246130.1
148511,ENSG00000246331.2
148546,ENSG00000247033.1
272334,ENSG00000247228.3
148561,ENSG00000247324.2
86676,ENSG00000247372.2
148611,ENSG00000248138.5
86736,ENSG00000248187.1
96239,ENSG00000248206.2
829411,ENSG00000248254.1
643781,ENSG00000248373.7
148703,ENSG00000248469.1
458160,ENSG00000248516.1
643834,ENSG00000248544.2
148756,ENSG00000248664.3
24996,ENSG00000248710.1
962423,ENSG00000248773.1
148811,ENSG00000248839.1
148838,ENSG00000248943.1
396396,ENSG00000248968.1
148845,ENSG00000248969.1
86964,ENSG00000248993.1
95466,ENSG00000249007.1
148881,ENSG00000249094.2
148888,ENSG00000249109.1
272689,ENSG00000249180.1
148931,ENSG00000249240.2
148935,ENSG00000249258.2
272739,ENSG00000249359.3
396540,ENSG00000249426.1
159196,ENSG00000249456.1
149001,ENSG00000249474.1
149002,ENSG00000249478.1
25260,ENSG00000249602.1
953581,ENSG00000249604.1
891704,ENSG00000249635.1
158269,ENSG00000249881.1
149138,ENSG00000249894.1
272982,ENSG00000250101.1
272985,ENSG00000250105.1
95300,ENSG00000250135.1
891885,ENSG00000250158.1
87360,ENSG00000250240.6
149256,ENSG00000250258.1
396816,ENSG00000250274.2
97610,ENSG00000250280.2
149281,ENSG00000250338.1
87457,ENSG00000250519.7
273176,ENSG00000250685.7
706396,ENSG00000250696.5
87518,ENSG00000250698.1
149434,ENSG00000250790.4
87595,ENSG00000250950.1
149497,ENSG00000250992.4
149501,ENSG00000251009.2
149502,ENSG00000251010.1
149528,ENSG00000251095.8
273317,ENSG00000251148.1
87660,ENSG00000251171.1
25827,ENSG00000251309.1
273407,ENSG00000251379.1
149641,ENSG00000251408.1
87754,ENSG00000251409.2
644756,ENSG00000251434.1
149661,ENSG00000251458.1
273461,ENSG00000251537.4
892347,ENSG00000251556.1
149721,ENSG00000251652.1
149726,ENSG00000251665.1
113617,ENSG00000252690.3
892393,ENSG00000253102.1
892400,ENSG00000253112.1
892409,ENSG00000253130.2
87879,ENSG00000253154.4
149778,ENSG00000253172.1
521108,ENSG00000253177.2
149787,ENSG00000253190.4
149804,ENSG00000253227.2
901521,ENSG00000253355.1
963429,ENSG00000253372.5
149892,ENSG00000253389.2
211828,ENSG00000253474.2
96931,ENSG00000253475.1
273717,ENSG00000253476.1
645119,ENSG00000253619.1
129454,ENSG00000253645.1
954610,ENSG00000253706.5
211966,ENSG00000253730.1
645188,ENSG00000253737.1
150088,ENSG00000253744.1
892773,ENSG00000253796.4
273908,ENSG00000253824.2
273932,ENSG00000253872.1
150162,ENSG00000253880.1
150204,ENSG00000253965.3
150212,ENSG00000253980.1
397807,ENSG00000254054.3
274048,ENSG00000254092.4
88424,ENSG00000254186.3
521668,ENSG00000254242.2
88476,ENSG00000254295.1
397928,ENSG00000254317.1
500983,ENSG00000254343.2
397950,ENSG00000254367.5
336072,ENSG00000254396.1
150418,ENSG00000254420.1
159315,ENSG00000254460.1
769321,ENSG00000254477.2
97414,ENSG00000254484.1
212354,ENSG00000254545.1
893154,ENSG00000254607.3
88639,ENSG00000254675.1
150537,ENSG00000254694.1
398111,ENSG00000254756.1
150572,ENSG00000254804.1
460014,ENSG00000254810.2
274351,ENSG00000254812.3
97430,ENSG00000254826.1
88717,ENSG00000254865.1
460070,ENSG00000254933.1
150644,ENSG00000254972.1
88762,ENSG00000254988.1
522000,ENSG00000255038.1
150687,ENSG00000255084.1
150689,ENSG00000255089.1
97347,ENSG00000255097.1
150695,ENSG00000255101.1
274474,ENSG00000255108.1
274476,ENSG00000255114.1
150705,ENSG00000255126.1
150715,ENSG00000255148.2
88892,ENSG00000255306.1
150787,ENSG00000255320.2
274566,ENSG00000255325.2
150810,ENSG00000255367.4
274589,ENSG00000255375.3
27041,ENSG00000255389.1
522168,ENSG00000255438.2
893497,ENSG00000255439.6
35537,ENSG00000255440.2
522172,ENSG00000255446.1
460299,ENSG00000255478.1
831632,ENSG00000255487.1
88977,ENSG00000255491.4
212791,ENSG00000255595.5
831680,ENSG00000255641.1
212806,ENSG00000255655.1
89039,ENSG00000255680.1
919250,ENSG00000255723.1
27162,ENSG00000255750.6
221311,ENSG00000255790.6
89063,ENSG00000255829.1
522284,ENSG00000255843.1
522289,ENSG00000255856.2
212863,ENSG00000255921.1
398534,ENSG00000255946.3
769866,ENSG00000255959.1
406943,ENSG00000256020.3
114757,ENSG00000256028.2
398553,ENSG00000256029.6
89161,ENSG00000256278.1
274834,ENSG00000256312.1
893718,ENSG00000256339.1
893720,ENSG00000256343.8
89186,ENSG00000256403.1
89191,ENSG00000256433.3
151082,ENSG00000256442.2
151090,ENSG00000256469.1
151104,ENSG00000256538.2
97605,ENSG00000256571.1
97360,ENSG00000256588.1
132732,ENSG00000256705.3
398698,ENSG00000256706.2
151176,ENSG00000256875.2
89293,ENSG00000256897.1
89300,ENSG00000256928.1
89306,ENSG00000256955.2
213084,ENSG00000256967.1
151205,ENSG00000256988.2
89327,ENSG00000257042.1
89334,ENSG00000257058.1
893891,ENSG00000257120.1
27483,ENSG00000257222.1
69766,ENSG00000257239.1
646373,ENSG00000257258.2
89393,ENSG00000257279.1
398841,ENSG00000257322.7
89418,ENSG00000257391.1
893992,ENSG00000257496.3
159483,ENSG00000257509.1
151355,ENSG00000257545.5
151375,ENSG00000257607.1
27619,ENSG00000257703.6
89515,ENSG00000257735.1
151418,ENSG00000257769.1
89543,ENSG00000257831.1
89555,ENSG00000257878.3
894112,ENSG00000257918.1
151460,ENSG00000257925.1
894143,ENSG00000258035.2
97574,ENSG00000258068.2
646618,ENSG00000258114.1
27760,ENSG00000258177.1
894197,ENSG00000258196.1
530813,ENSG00000258199.1
89678,ENSG00000258302.2
89685,ENSG00000258323.1
159482,ENSG00000258344.1
159753,ENSG00000258450.1
902446,ENSG00000258454.1
151622,ENSG00000258455.1
894283,ENSG00000258465.8
461068,ENSG00000258466.5
133964,ENSG00000258472.10
27874,ENSG00000258515.1
399206,ENSG00000258521.1
89832,ENSG00000258674.5
151737,ENSG00000258702.5
275548,ENSG00000258763.5
89896,ENSG00000258790.1
151786,ENSG00000258792.4
213678,ENSG00000258800.1
151795,ENSG00000258811.1
151802,ENSG00000258820.5
151803,ENSG00000258824.2
151820,ENSG00000258857.1
89949,ENSG00000258891.1
275624,ENSG00000258919.1
239177,ENSG00000259080.1
53514,ENSG00000259084.6
523316,ENSG00000259188.6
770878,ENSG00000259212.1
152015,ENSG00000259242.2
239228,ENSG00000259244.1
152030,ENSG00000259276.1
152050,ENSG00000259314.1
461505,ENSG00000259345.7
90178,ENSG00000259347.9
407446,ENSG00000259377.1
832864,ENSG00000259408.2
28336,ENSG00000259442.1
399675,ENSG00000259469.1
894798,ENSG00000259515.1
90260,ENSG00000259522.3
152158,ENSG00000259544.1
90278,ENSG00000259564.2
90289,ENSG00000259589.2
214074,ENSG00000259607.1
301226,ENSG00000259628.1
71026,ENSG00000259668.6
214107,ENSG00000259692.6
956777,ENSG00000259723.1
98030,ENSG00000259735.1
98029,ENSG00000259771.1
90378,ENSG00000259793.1
531438,ENSG00000259797.1
90429,ENSG00000259915.2
276099,ENSG00000259940.2
90466,ENSG00000260011.2
152355,ENSG00000260017.1
36102,ENSG00000260035.1
90485,ENSG00000260059.1
90486,ENSG00000260060.1
276152,ENSG00000260066.1
90489,ENSG00000260070.1
90509,ENSG00000260118.1
895055,ENSG00000260121.1
90522,ENSG00000260145.1
152418,ENSG00000260167.1
97147,ENSG00000260190.1
709430,ENSG00000260206.1
28674,ENSG00000260235.1
777669,ENSG00000260253.1
90571,ENSG00000260256.1
152465,ENSG00000260271.4
276242,ENSG00000260272.1
276247,ENSG00000260279.4
964491,ENSG00000260288.6
276252,ENSG00000260289.2
98125,ENSG00000260293.2
214377,ENSG00000260331.1
647600,ENSG00000260349.1
338161,ENSG00000260350.1
98094,ENSG00000260361.1
160539,ENSG00000260366.1
276279,ENSG00000260369.2
895170,ENSG00000260392.6
158949,ENSG00000260412.1
152521,ENSG00000260416.1
214411,ENSG00000260418.1
152545,ENSG00000260464.1
90674,ENSG00000260495.1
98248,ENSG00000260511.1
90693,ENSG00000260545.1
276372,ENSG00000260578.1
1019035,ENSG00000260592.3
152612,ENSG00000260612.1
152613,ENSG00000260613.2
338286,ENSG00000260626.1
152630,ENSG00000260643.2
90749,ENSG00000260657.2
462081,ENSG00000260661.1
90756,ENSG00000260672.1
152674,ENSG00000260743.1
152677,ENSG00000260755.1
895339,ENSG00000260773.1
152701,ENSG00000260810.1
152705,ENSG00000260830.2
833490,ENSG00000260861.6
152725,ENSG00000260874.5
177710,ENSG00000260899.1
647846,ENSG00000260907.1
152744,ENSG00000260911.2
528526,ENSG00000260920.2
647866,ENSG00000260947.1
96914,ENSG00000260949.1
152765,ENSG00000260955.2
833551,ENSG00000260986.1
90902,ENSG00000261000.1
96654,ENSG00000261003.1
152803,ENSG00000261030.1
284621,ENSG00000261101.2
276618,ENSG00000261120.1
98123,ENSG00000261123.1
524185,ENSG00000261159.1
90979,ENSG00000261187.1
90987,ENSG00000261200.1
90993,ENSG00000261211.2
301535,ENSG00000261215.1
98271,ENSG00000261226.1
276680,ENSG00000261260.2
98208,ENSG00000261270.1
160086,ENSG00000261291.1
771806,ENSG00000261312.1
91046,ENSG00000261327.5
91071,ENSG00000261392.1
152962,ENSG00000261396.1
152967,ENSG00000261402.1
91085,ENSG00000261411.1
98118,ENSG00000261430.1
895638,ENSG00000261435.1
895646,ENSG00000261448.1
97955,ENSG00000261529.1
153024,ENSG00000261535.1
345798,ENSG00000261537.1
153030,ENSG00000261552.1
157772,ENSG00000261572.2
153046,ENSG00000261602.1
153048,ENSG00000261604.1
648154,ENSG00000261611.6
648169,ENSG00000261638.2
220796,ENSG00000261655.1
29313,ENSG00000261687.1
779036,ENSG00000261697.5
153105,ENSG00000261729.2
160062,ENSG00000261736.1
153116,ENSG00000261754.2
257116,ENSG00000261759.1
11685,ENSG00000261770.1
215014,ENSG00000261786.1
91264,ENSG00000261832.6
524482,ENSG00000261838.5
407719,ENSG00000261916.1
98186,ENSG00000262038.1
153184,ENSG00000262039.1
407854,ENSG00000262172.1
400770,ENSG00000262298.1
153221,ENSG00000262312.2
153223,ENSG00000262319.1
277008,ENSG00000262429.1
91357,ENSG00000262533.1
153266,ENSG00000262714.1
648377,ENSG00000262777.1
277053,ENSG00000262810.1
400839,ENSG00000262884.1
91410,ENSG00000262999.1
91419,ENSG00000263065.1
153320,ENSG00000263164.1
177969,ENSG00000263212.2
648439,ENSG00000263280.4
153347,ENSG00000263331.1
195823,ENSG00000263394.1
277132,ENSG00000263424.1
153375,ENSG00000263551.6
896035,ENSG00000263585.1
277173,ENSG00000263655.1
277174,ENSG00000263657.1
277185,ENSG00000263709.1
98398,ENSG00000263786.1
301881,ENSG00000263798.2
277196,ENSG00000263809.1
957969,ENSG00000263859.1
903048,ENSG00000263916.1
153432,ENSG00000263923.1
98317,ENSG00000264007.1
153442,ENSG00000264015.2
153448,ENSG00000264044.1
1019882,ENSG00000264066.7
277255,ENSG00000264272.1
153483,ENSG00000264304.1
153484,ENSG00000264324.1
91623,ENSG00000264548.1
339176,ENSG00000264558.1
29750,ENSG00000264660.2
153532,ENSG00000264695.1
284052,ENSG00000264754.1
462985,ENSG00000264769.1
958093,ENSG00000264808.2
153559,ENSG00000264924.1
71085,ENSG00000264937.1
277348,ENSG00000265055.2
91686,ENSG00000265073.1
840983,ENSG00000265222.1
91709,ENSG00000265246.1
91712,ENSG00000265282.1
381521,ENSG00000265287.2
153605,ENSG00000265334.1
958157,ENSG00000265380.1
91759,ENSG00000265656.1
91770,ENSG00000265717.1
277436,ENSG00000265737.1
153664,ENSG00000265750.1
277448,ENSG00000265784.1
463121,ENSG00000265844.1
153686,ENSG00000265912.1
215602,ENSG00000266101.1
98306,ENSG00000266126.1
277497,ENSG00000266153.1
834490,ENSG00000266171.1
91855,ENSG00000266313.2
834517,ENSG00000266369.1
91864,ENSG00000266401.4
91874,ENSG00000266498.1
277542,ENSG00000266527.1
30000,ENSG00000266601.1
896433,ENSG00000266602.2
525108,ENSG00000266642.2
153781,ENSG00000266644.1
98303,ENSG00000266664.1
91905,ENSG00000266718.2
153798,ENSG00000266744.1
98224,ENSG00000266801.1
98447,ENSG00000266805.1
91927,ENSG00000266897.1
153829,ENSG00000266936.1
98479,ENSG00000266965.1
772731,ENSG00000266985.1
91964,ENSG00000266987.1
772749,ENSG00000267026.5
91985,ENSG00000267033.1
648983,ENSG00000267049.1
153881,ENSG00000267052.3
896544,ENSG00000267062.1
92006,ENSG00000267072.3
896561,ENSG00000267095.1
153919,ENSG00000267122.1
30145,ENSG00000267124.2
277698,ENSG00000267125.2
649027,ENSG00000267127.7
896588,ENSG00000267140.1
215842,ENSG00000267199.1
896621,ENSG00000267215.2
339631,ENSG00000267219.1
407789,ENSG00000267222.1
92085,ENSG00000267231.1
834742,ENSG00000267232.1
215865,ENSG00000267239.1
117212,ENSG00000267246.1
92093,ENSG00000267250.1
215873,ENSG00000267257.1
92101,ENSG00000267262.2
160470,ENSG00000267274.1
154000,ENSG00000267284.2
35617,ENSG00000267285.1
463455,ENSG00000267316.5
154018,ENSG00000267320.5
30244,ENSG00000267327.2
834800,ENSG00000267349.1
277810,ENSG00000267356.1
463475,ENSG00000267359.1
339700,ENSG00000267360.6
154055,ENSG00000267396.2
92183,ENSG00000267424.1
277861,ENSG00000267457.1
649209,ENSG00000267506.7
160344,ENSG00000267529.3
92237,ENSG00000267559.5
216018,ENSG00000267565.1
160293,ENSG00000267568.6
98580,ENSG00000267576.1
92249,ENSG00000267582.1
92255,ENSG00000267601.1
216035,ENSG00000267606.1
587376,ENSG00000267633.1
154177,ENSG00000267670.1
284287,ENSG00000267672.1
216081,ENSG00000267707.2
1020641,ENSG00000267735.1
154217,ENSG00000267755.1
216106,ENSG00000267758.1
154222,ENSG00000267764.1
655510,ENSG00000267766.1
92345,ENSG00000267783.3
154234,ENSG00000267784.1
179236,ENSG00000267827.5
92357,ENSG00000267834.1
649359,ENSG00000267886.1
92376,ENSG00000267927.1
92377,ENSG00000267934.1
339931,ENSG00000267940.1
401856,ENSG00000268173.3
154308,ENSG00000268191.1
133717,ENSG00000268218.1
92428,ENSG00000268240.1
154323,ENSG00000268292.1
896988,ENSG00000268333.1
92467,ENSG00000268509.2
284319,ENSG00000268520.1
92476,ENSG00000268565.1
154385,ENSG00000268649.5
154389,ENSG00000268655.3
278166,ENSG00000268673.3
92505,ENSG00000268678.1
30618,ENSG00000268686.2
897070,ENSG00000268836.1
92531,ENSG00000268870.1
525756,ENSG00000268912.1
259069,ENSG00000268945.1
160509,ENSG00000268947.1
903181,ENSG00000268987.1
154449,ENSG00000269050.1
160459,ENSG00000269139.2
278268,ENSG00000269292.1
92609,ENSG00000269318.1
655599,ENSG00000269397.1
154522,ENSG00000269460.1
154528,ENSG00000269481.1
463972,ENSG00000269487.1
278312,ENSG00000269504.3
402111,ENSG00000269667.2
154560,ENSG00000269680.1
92703,ENSG00000269877.3
92709,ENSG00000269892.1
154602,ENSG00000269902.1
92715,ENSG00000269903.1
901107,ENSG00000269919.1
649712,ENSG00000269930.1
159359,ENSG00000269944.1
159949,ENSG00000269951.1
159094,ENSG00000269952.1
525952,ENSG00000269967.1
278402,ENSG00000269972.1
154631,ENSG00000269983.1
179451,ENSG00000270008.1
773523,ENSG00000270016.1
528511,ENSG00000270031.1
154651,ENSG00000270050.3
154664,ENSG00000270094.1
92777,ENSG00000270096.1
97939,ENSG00000270108.1
160686,ENSG00000270116.1
97672,ENSG00000270130.1
283564,ENSG00000270140.1
278462,ENSG00000270154.1
98218,ENSG00000270165.1
97465,ENSG00000270179.1
96241,ENSG00000270426.1
92881,ENSG00000270828.1
897434,ENSG00000270933.2
835556,ENSG00000270972.1
773671,ENSG00000270996.1
92920,ENSG00000271141.1
835579,ENSG00000271155.1
92940,ENSG00000271259.1
154829,ENSG00000271265.1
284000,ENSG00000271392.1
278628,ENSG00000271398.1
31081,ENSG00000271427.1
405085,ENSG00000271452.1
154861,ENSG00000271551.2
154863,ENSG00000271554.1
154877,ENSG00000271698.1
278657,ENSG00000271716.1
278661,ENSG00000271730.1
93001,ENSG00000271742.1
897551,ENSG00000271755.1
154901,ENSG00000271774.1
776787,ENSG00000271778.1
154915,ENSG00000271810.5
93034,ENSG00000271828.1
901681,ENSG00000271833.1
154924,ENSG00000271843.1
93043,ENSG00000271860.9
278710,ENSG00000271871.1
897591,ENSG00000271882.1
154939,ENSG00000271893.1
278730,ENSG00000271938.1
93076,ENSG00000271967.1
278743,ENSG00000271973.1
154969,ENSG00000271978.2
154974,ENSG00000271989.1
402529,ENSG00000271993.1
93095,ENSG00000272010.1
95431,ENSG00000272033.1
154998,ENSG00000272070.3
278776,ENSG00000272072.1
155002,ENSG00000272077.1
157170,ENSG00000272084.1
278786,ENSG00000272094.1
31240,ENSG00000272109.2
155019,ENSG00000272115.1
216908,ENSG00000272121.1
155023,ENSG00000272129.1
526352,ENSG00000272130.1
897684,ENSG00000272140.2
155034,ENSG00000272149.1
650139,ENSG00000272153.1
31261,ENSG00000272156.1
278818,ENSG00000272163.2
835814,ENSG00000272172.1
155050,ENSG00000272181.1
93177,ENSG00000272226.1
1021498,ENSG00000272234.1
216958,ENSG00000272243.6
155077,ENSG00000272263.1
93194,ENSG00000272275.1
31312,ENSG00000272305.5
407674,ENSG00000272330.1
31320,ENSG00000272334.1
93218,ENSG00000272366.1
835890,ENSG00000272411.1
250987,ENSG00000272416.1
157151,ENSG00000272420.1
155125,ENSG00000272425.1
402684,ENSG00000272438.1
93246,ENSG00000272444.1
155147,ENSG00000272482.2
406690,ENSG00000272489.1
155151,ENSG00000272498.1
959699,ENSG00000272509.1
155156,ENSG00000272510.1
371331,ENSG00000272512.1
155165,ENSG00000272541.1
93282,ENSG00000272555.1
281091,ENSG00000272574.1
310150,ENSG00000272583.2
93310,ENSG00000272632.1
278985,ENSG00000272668.2
93322,ENSG00000272672.1
835981,ENSG00000272678.1
180283,ENSG00000272679.1
98868,ENSG00000272689.1
93330,ENSG00000272692.2
155222,ENSG00000272696.1
93337,ENSG00000272703.1
402788,ENSG00000272732.1
217130,ENSG00000272744.1
217144,ENSG00000272783.1
31482,ENSG00000272787.1
279040,ENSG00000272800.3
93384,ENSG00000272823.1
93387,ENSG00000272829.2
155278,ENSG00000272836.1
402831,ENSG00000272839.1
36942,ENSG00000272872.1
836071,ENSG00000272896.1
406641,ENSG00000272914.1
93431,ENSG00000272921.1
279102,ENSG00000272944.1
93440,ENSG00000272950.1
717730,ENSG00000272954.1
93443,ENSG00000272967.1
93444,ENSG00000272969.1
279109,ENSG00000272970.5
155337,ENSG00000272979.1
341002,ENSG00000272982.1
93451,ENSG00000272983.1
93453,ENSG00000272986.1
279127,ENSG00000273007.2
898009,ENSG00000273011.1
402910,ENSG00000273026.1
838255,ENSG00000273035.1
155366,ENSG00000273056.1
898023,ENSG00000273059.1
898026,ENSG00000273063.1
12548,ENSG00000273102.2
217276,ENSG00000273107.1
93502,ENSG00000273110.1
31624,ENSG00000273132.1
93513,ENSG00000273133.1
898082,ENSG00000273179.1
217323,ENSG00000273203.1
93550,ENSG00000273210.1
93556,ENSG00000273219.1
98463,ENSG00000273232.1
279225,ENSG00000273243.1
93563,ENSG00000273248.2
31679,ENSG00000273258.1
31685,ENSG00000273269.3
531661,ENSG00000273284.1
33733,ENSG00000273302.1
93594,ENSG00000273341.2
160788,ENSG00000273353.1
155495,ENSG00000273374.1
93612,ENSG00000273387.1
93619,ENSG00000273402.1
279289,ENSG00000273419.1
155514,ENSG00000273424.1
118438,ENSG00000273432.1
93631,ENSG00000273447.1
836290,ENSG00000273450.1
279306,ENSG00000273476.1
128789,ENSG00000273489.1
93650,ENSG00000273507.7
97699,ENSG00000273568.1
403103,ENSG00000273582.1
836329,ENSG00000273687.1
650680,ENSG00000273796.2
160628,ENSG00000273893.1
93704,ENSG00000273925.1
155594,ENSG00000273958.1
93720,ENSG00000274029.1
160116,ENSG00000274093.1
217510,ENSG00000274184.1
279399,ENSG00000274191.1
93747,ENSG00000274251.1
31865,ENSG00000274281.1
898306,ENSG00000274333.4
93766,ENSG00000274363.1
98712,ENSG00000274364.1
403208,ENSG00000274370.1
155658,ENSG00000274373.1
836432,ENSG00000274400.1
93778,ENSG00000274414.1
258077,ENSG00000274565.1
93808,ENSG00000274653.1
283920,ENSG00000274677.1
31923,ENSG00000274678.1
155702,ENSG00000274698.1
93820,ENSG00000274751.1
155710,ENSG00000274758.1
428284,ENSG00000274769.1
155719,ENSG00000274818.1
36592,ENSG00000274849.1
898384,ENSG00000274874.2
283784,ENSG00000275092.1
98555,ENSG00000275162.1
155767,ENSG00000275185.1
93881,ENSG00000275197.1
93887,ENSG00000275223.1
155777,ENSG00000275228.1
32004,ENSG00000275236.1
217671,ENSG00000275248.1
960329,ENSG00000275263.1
407461,ENSG00000275343.1
217686,ENSG00000275367.1
155799,ENSG00000275371.1
160150,ENSG00000275393.1
155807,ENSG00000275409.1
155825,ENSG00000275481.1
530918,ENSG00000275485.1
465273,ENSG00000275527.1
155834,ENSG00000275532.2
32079,ENSG00000275672.1
155867,ENSG00000275720.1
902102,ENSG00000275769.1
155880,ENSG00000275778.3
217771,ENSG00000275799.1
94005,ENSG00000275888.1
98738,ENSG00000275894.1
155914,ENSG00000276071.1
94031,ENSG00000276093.1
32146,ENSG00000276110.1
155964,ENSG00000276417.1
94077,ENSG00000276418.5
654818,ENSG00000276434.1
94082,ENSG00000276449.1
406910,ENSG00000276505.1
155993,ENSG00000276571.1
94125,ENSG00000276724.1
156034,ENSG00000276863.1
774925,ENSG00000276968.1
346122,ENSG00000276980.1
156055,ENSG00000277022.1
94182,ENSG00000277151.1
94183,ENSG00000277152.1
255912,ENSG00000277186.1
98023,ENSG00000277229.1
156086,ENSG00000277235.1
159704,ENSG00000277246.1
156091,ENSG00000277270.2
159447,ENSG00000277342.1
160023,ENSG00000277440.1
72412,ENSG00000277463.1
898778,ENSG00000277501.1
218011,ENSG00000277504.1
283680,ENSG00000277548.1
218023,ENSG00000277587.1
159540,ENSG00000277595.1
94259,ENSG00000277684.1
408076,ENSG00000277744.1
94273,ENSG00000277767.1
407778,ENSG00000277911.1
654603,ENSG00000277945.1
156189,ENSG00000277978.1
403744,ENSG00000277999.1
98552,ENSG00000278000.1
408155,ENSG00000278012.1
836962,ENSG00000278013.1
836963,ENSG00000278017.2
283769,ENSG00000278022.1
156207,ENSG00000278084.1
94323,ENSG00000278097.1
156212,ENSG00000278107.1
778354,ENSG00000278126.1
194045,ENSG00000278291.1
97577,ENSG00000278351.1
156242,ENSG00000278383.1
159622,ENSG00000278462.1
94365,ENSG00000278467.1
651362,ENSG00000278514.1
403815,ENSG00000278546.1
97911,ENSG00000278576.1
94386,ENSG00000278627.1
156299,ENSG00000278740.1
280079,ENSG00000278769.1
94443,ENSG00000278961.3
136049,ENSG00000279110.1
98897,ENSG00000279175.1
156374,ENSG00000279298.1
35867,ENSG00000279463.1
899065,ENSG00000279658.1
156449,ENSG00000280018.4
159869,ENSG00000280036.1
12493,ENSG00000280145.3
280244,ENSG00000280169.1
837254,ENSG00000280341.1
280307,ENSG00000280778.1
156555,ENSG00000281091.3
98608,ENSG00000281468.1
94714,ENSG00000281593.1
404187,ENSG00000282022.1
94748,ENSG00000282024.1
94750,ENSG00000282034.2
306895,ENSG00000282304.1
94770,ENSG00000282317.1
280437,ENSG00000282381.2
156665,ENSG00000282418.1
94785,ENSG00000282527.2
156680,ENSG00000282602.1
837454,ENSG00000282740.1
466137,ENSG00000282828.2
156701,ENSG00000282849.1
528031,ENSG00000282863.1
158004,ENSG00000282904.2
183156,ENSG00000282907.1
97240,ENSG00000282915.1
94845,ENSG00000283031.2
156751,ENSG00000283095.1
159744,ENSG00000283098.2
156755,ENSG00000283125.1
466202,ENSG00000283164.1
160257,ENSG00000283209.1
280564,ENSG00000283303.1
156798,ENSG00000283375.1
94912,ENSG00000283383.1
183313,ENSG00000283403.1
651921,ENSG00000283458.3
156826,ENSG00000283515.1
837607,ENSG00000283573.1
160869,ENSG00000283638.3
94967,ENSG00000283648.1
33081,ENSG00000283662.1
72785,ENSG00000283667.1
280636,ENSG00000283689.1
678587,ENSG00000283757.1
251200,ENSG00000283782.2
530467,ENSG00000283913.1
33112,ENSG00000283977.1
280674,ENSG00000284070.1
95025,ENSG00000284391.1
156929,ENSG00000284512.1
218822,ENSG00000284600.1
280711,ENSG00000284607.1
899601,ENSG00000284632.1
95063,ENSG00000284642.1
33194,ENSG00000284677.1
95101,ENSG00000284716.1
157193,ENSG00000284748.1
95123,ENSG00000284776.1
157020,ENSG00000284825.1
33255,ENSG00000284914.1
280814,ENSG00000284946.1
256110,ENSG00000284966.3
218939,ENSG00000284999.1
528382,ENSG00000285012.1
528391,ENSG00000285079.1
218952,ENSG00000285080.1
158579,ENSG00000285081.1
157066,ENSG00000285085.1
218957,ENSG00000285095.2
157637,ENSG00000285155.1
33303,ENSG00000285163.1
218968,ENSG00000285165.1
33307,ENSG00000285177.1
157097,ENSG00000285253.1
95213,ENSG00000285280.2
157108,ENSG00000285329.1
95221,ENSG00000285330.1
652215,ENSG00000285354.1
95233,ENSG00000285413.1
95234,ENSG00000285424.1
404676,ENSG00000285444.1
654548,ENSG00000285517.1
900014,ENSG00000285521.1
157264,ENSG00000285530.1
184179,ENSG00000285542.1
901013,ENSG00000285571.1
157452,ENSG00000285591.1
655458,ENSG00000285595.1
159879,ENSG00000285597.1
157863,ENSG00000285600.2
60420,ENSG00000285602.1
158767,ENSG00000285624.2
97506,ENSG00000285627.1
183877,ENSG00000285629.1
899863,ENSG00000285649.1
160806,ENSG00000285679.2
159341,ENSG00000285696.1
283168,ENSG00000285704.1
307706,ENSG00000285708.1
159098,ENSG00000285712.1
219249,ENSG00000285719.2
840493,ENSG00000285727.1
283234,ENSG00000285732.1
839045,ENSG00000285736.1
184026,ENSG00000285743.1
158330,ENSG00000285763.1
97524,ENSG00000285770.1
184192,ENSG00000285772.1
157176,ENSG00000285802.1
282908,ENSG00000285810.1
431721,ENSG00000285816.1
160252,ENSG00000285829.1
157842,ENSG00000285836.1
839127,ENSG00000285849.1
184053,ENSG00000285854.1
157510,ENSG00000285857.1
307963,ENSG00000285868.1
159443,ENSG00000285870.1
158770,ENSG00000285881.1
34918,ENSG00000285904.1
282500,ENSG00000285957.1
60996,ENSG00000285968.1
184190,ENSG00000285991.1
431741,ENSG00000286001.1
33773,ENSG00000286011.2
431461,ENSG00000286015.1
284294,ENSG00000286037.1
776996,ENSG00000286039.3
158081,ENSG00000286055.1
36859,ENSG00000286063.1
36968,ENSG00000286070.2
903511,ENSG00000286072.1
158450,ENSG00000286084.3
653033,ENSG00000286086.1
157997,ENSG00000286089.1
184175,ENSG00000286098.1
470006,ENSG00000286108.1
281420,ENSG00000286115.1
98701,ENSG00000286117.2
159747,ENSG00000286123.1
284664,ENSG00000286130.1
96169,ENSG00000286136.2
900664,ENSG00000286161.1
160861,ENSG00000286163.1
122279,ENSG00000286185.1
36660,ENSG00000286186.1
406578,ENSG00000286196.1
95551,ENSG00000286216.1
98656,ENSG00000286236.1
34287,ENSG00000286241.1
160709,ENSG00000286262.1
60422,ENSG00000286268.1
96174,ENSG00000286269.1
158187,ENSG00000286271.3
157348,ENSG00000286285.1
97542,ENSG00000286303.1
157723,ENSG00000286307.1
284523,ENSG00000286326.1
160849,ENSG00000286327.1
777344,ENSG00000286339.1
157761,ENSG00000286352.1
157664,ENSG00000286358.1
33416,ENSG00000286379.1
157402,ENSG00000286389.2
284576,ENSG00000286393.1
95592,ENSG00000286415.1
219684,ENSG00000286419.1
281003,ENSG00000286429.1
157184,ENSG00000286433.1
345455,ENSG00000286437.1
466582,ENSG00000286448.1
159922,ENSG00000286457.1
158692,ENSG00000286458.1
160592,ENSG00000286472.1
838361,ENSG00000286481.2
96145,ENSG00000286490.1
655906,ENSG00000286508.1
654167,ENSG00000286514.1
903339,ENSG00000286517.1
159011,ENSG00000286536.1
157584,ENSG00000286545.1
33473,ENSG00000286548.1
159309,ENSG00000286555.1
839220,ENSG00000286562.1
95412,ENSG00000286581.1
160711,ENSG00000286594.1
220346,ENSG00000286616.1
652463,ENSG00000286619.1
902929,ENSG00000286629.1
158307,ENSG00000286644.1
158360,ENSG00000286652.1
97689,ENSG00000286662.2
160442,ENSG00000286667.1
96500,ENSG00000286672.1
97161,ENSG00000286687.1
159296,ENSG00000286688.1
281532,ENSG00000286689.1
97245,ENSG00000286715.1
219980,ENSG00000286720.1
96331,ENSG00000286721.1
158407,ENSG00000286723.1
157868,ENSG00000286729.1
902916,ENSG00000286732.1
96288,ENSG00000286741.1
159291,ENSG00000286756.3
96660,ENSG00000286764.1
157579,ENSG00000286769.1
157780,ENSG00000286781.1
282732,ENSG00000286782.1
284388,ENSG00000286803.1
281957,ENSG00000286809.1
96477,ENSG00000286819.2
900505,ENSG00000286827.1
220554,ENSG00000286830.1
282473,ENSG00000286831.1
652712,ENSG00000286833.3
34804,ENSG00000286847.1
95348,ENSG00000286863.2
838486,ENSG00000286864.1
96592,ENSG00000286887.1
345796,ENSG00000286894.1
159418,ENSG00000286911.1
160343,ENSG00000286926.1
158664,ENSG00000286938.1
901970,ENSG00000286943.1
282753,ENSG00000286944.1
283228,ENSG00000286950.1
157803,ENSG00000286952.1
281463,ENSG00000286965.1
160318,ENSG00000286975.1
33744,ENSG00000286979.1
900311,ENSG00000286980.1
159154,ENSG00000286981.1
160541,ENSG00000287001.3
158145,ENSG00000287031.1
158590,ENSG00000287032.1
160531,ENSG00000287035.1
95424,ENSG00000287040.1
281660,ENSG00000287045.2
840744,ENSG00000287061.1
654057,ENSG00000287063.1
98450,ENSG00000287065.1
157764,ENSG00000287069.1
96492,ENSG00000287089.1
901157,ENSG00000287092.1
97012,ENSG00000287095.1
283906,ENSG00000287106.1
98263,ENSG00000287125.1
281433,ENSG00000287129.1
900520,ENSG00000287143.1
160866,ENSG00000287160.1
652692,ENSG00000287165.1
901434,ENSG00000287166.1
221663,ENSG00000287167.1
406332,ENSG00000287185.1
282043,ENSG00000287203.1
157852,ENSG00000287207.1
839682,ENSG00000287222.1
159054,ENSG00000287235.1
405040,ENSG00000287255.3
284071,ENSG00000287257.1
654385,ENSG00000287264.1
160765,ENSG00000287269.1
900117,ENSG00000287291.1
281861,ENSG00000287292.1
96936,ENSG00000287301.3
282782,ENSG00000287302.1
530455,ENSG00000287306.1
157405,ENSG00000287315.1
343942,ENSG00000287323.1
95500,ENSG00000287338.1
902486,ENSG00000287346.1
158338,ENSG00000287347.1
36385,ENSG00000287351.1
282619,ENSG00000287352.1
530275,ENSG00000287355.1
157556,ENSG00000287362.1
98949,ENSG00000287370.1
899821,ENSG00000287384.1
837970,ENSG00000287400.1
159084,ENSG00000287402.1
406093,ENSG00000287407.1
36175,ENSG00000287408.1
529111,ENSG00000287415.1
159167,ENSG00000287419.1
219994,ENSG00000287424.1
653307,ENSG00000287434.1
902456,ENSG00000287437.1
96495,ENSG00000287458.1
95724,ENSG00000287463.1
158723,ENSG00000287464.1
158771,ENSG00000287467.1
654836,ENSG00000287481.1
158140,ENSG00000287486.1
407479,ENSG00000287494.1
159899,ENSG00000287500.1
903361,ENSG00000287507.1
98446,ENSG00000287509.1
900085,ENSG00000287513.1
468400,ENSG00000287514.2
653794,ENSG00000287547.1
407716,ENSG00000287553.1
158397,ENSG00000287562.1
159053,ENSG00000287566.1
837971,ENSG00000287587.1
158182,ENSG00000287597.1
220027,ENSG00000287600.1
160550,ENSG00000287608.1
159070,ENSG00000287613.1
158344,ENSG00000287614.1
962288,ENSG00000287623.1
95896,ENSG00000287629.1
467472,ENSG00000287632.1
470127,ENSG00000287637.1
97892,ENSG00000287643.1
157924,ENSG00000287645.1
157240,ENSG00000287647.1
97293,ENSG00000287655.1
220774,ENSG00000287657.1
158654,ENSG00000287672.1
405943,ENSG00000287678.1
33611,ENSG00000287684.1
528859,ENSG00000287687.2
158064,ENSG00000287692.1
97507,ENSG00000287698.1
838969,ENSG00000287709.3
35637,ENSG00000287713.1
157741,ENSG00000287720.1
122471,ENSG00000287725.2
282042,ENSG00000287726.1
157602,ENSG00000287742.1
655678,ENSG00000287754.1
98223,ENSG00000287760.1
160453,ENSG00000287766.1
841598,ENSG00000287767.1
97103,ENSG00000287769.1
281736,ENSG00000287786.1
160148,ENSG00000287787.1
33481,ENSG00000287797.1
219163,ENSG00000287807.1
653528,ENSG00000287811.3
468080,ENSG00000287815.2
406235,ENSG00000287827.1
160607,ENSG00000287853.1
283777,ENSG00000287855.1
157668,ENSG00000287858.1
95923,ENSG00000287873.1
160439,ENSG00000287879.1
467256,ENSG00000287882.1
96657,ENSG00000287883.1
98752,ENSG00000287886.1
96030,ENSG00000287899.1
160088,ENSG00000287909.1
345849,ENSG00000287910.1
159065,ENSG00000287925.1
468293,ENSG00000287927.1
281328,ENSG00000287931.1
95698,ENSG00000287937.1
220983,ENSG00000287945.1
160105,ENSG00000287965.1
158725,ENSG00000287970.1
654962,ENSG00000287973.1
901485,ENSG00000287975.1
653939,ENSG00000287998.1
404930,ENSG00000288007.1
653541,ENSG00000288009.1
159122,ENSG00000288011.1
35553,ENSG00000288018.3
159212,ENSG00000288033.1
157809,ENSG00000288039.1
652749,ENSG00000288048.1
158484,ENSG00000288054.1
96604,ENSG00000288056.1
98954,ENSG00000288059.1
652897,ENSG00000288063.1
282509,ENSG00000288076.1
158262,ENSG00000288095.2
654835,ENSG00000288100.1
219758,ENSG00000288111.2
220925,ENSG00000288234.1
431617,ENSG00000288542.1
60186,ENSG00000288548.1
184034,ENSG00000288559.1
369787,ENSG00000288577.1
184155,ENSG00000288597.1
184067,ENSG00000288598.2
60426,ENSG00000289084.1
140714,ENTHD1
755470,ENTPD2
68005,ENTREP1
146081,EP300-AS1
320526,EPB41L1
1006335,EPB42
84933,EPCAM-DT
141285,EPGN
144917,EPHA2-AS1
126257,EPHA3
143876,EPIC1
85151,EPN2-AS1
134061,EPOP
129726,EPPK1
144672,EPS15-AS1
199588,EPX
131782,ERBB3
884555,ERC2
154280,ERFL
641832,ERICH2-DT
202733,ERICH5
203721,ESPN
900457,ESRG
129586,ESRP1
137103,ESRP2
139259,ESYT3
747264,ETV1
267756,ETV7-AS1
261304,EVA1A
201875,EVPL
267207,EVPLL
445128,EXOC3L2
885527,EXOC3L4
263024,EXTL1
148513,EXTL3-AS1
879760,FA2H
138286,FAIM2
283959,FAM106C
125082,FAM110C
70379,FAM124A
636090,FAM133A
879995,FAM149A
143472,FAM166B
326105,FAM170B
263179,FAM171A2
140639,FAM182B
265463,FAM186A
138280,FAM186B
897794,FAM193B-DT
871019,FAM220A
145694,FAM224B
82376,FAM225B
141570,FAM227A
79868,FAM228A
80584,FAM3D
22656,FAM53B-AS1
812306,FAM66C
645783,FAM66D
144272,FAM66E
142084,FAM78B
266307,FAM78B-AS1
448513,FAM81B
138870,FAM83A
946409,FAM9C
896500,FARSA-AS1
138797,FAXC
506915,FBXO17
135588,FBXO27
634702,FBXO40
80919,FBXO47
495350,FCN3
632122,FERMT1
385468,FFAR1
79790,FFAR3
378821,FFAR4
941617,FGD1
188476,FGF12
500583,FGF13
137082,FGF14
637319,FGF16
436418,FGF2
631844,FGF20
384267,FGF4
256678,FGF7
879933,FGF8
750290,FGFR2
270257,FHAD1-AS1
385934,FHDC1
510956,FHIP1A
377722,FIBCD1
771804,FIGNL2
90417,FIGNL2-DT
393460,FILNC1
76627,FITM1
134106,FKBP10
268791,FKTN-AS1
147780,FLG-AS1
148365,FLNB-AS1
251445,FLT4
278394,FMC1-LUC7L2
631595,FMO1
14099,FNDC11
136696,FNDC8
82785,FOCAD-AS1
625590,FOLH1
440157,FOLR1
140373,FOXB1
65795,FOXC1
149669,FOXD1
83846,FOXD3-AS1
137986,FOXP2
189845,FOXP4-AS1
507158,FPR3
634817,FREM1
141339,FREM3
146855,FREY1
890073,FRGCA
880062,FRK
136672,FRMPD1
200734,FRMPD3
152446,FRRS1L
18011,FSCN2
138223,FST
446026,FSTL4
264569,FUT2
634284,FUT6
140431,FUT9
444938,FXYD3
88570,FXYD6-AS1
272300,FZD4-DT
143503,GAB4
433253,GABRD
632576,GABRG2
139104,GAL3ST2
192256,GALNT18
385896,GALNT5
883037,GAP43
646091,GAPDH-DT
78563,GARIN2
810701,GAS1
154660,GAS5-AS1
386266,GASK1A
141522,GAST
621484,GATA2-AS1
265157,GBP6
81443,GBP7
261029,GCK
13856,GDA
277541,GDF10
261881,GFPT2
74154,GGT5
818494,GHSR
124314,GIPC2
261499,GJA3
619196,GJA4
137722,GJB6
63111,GJC2
635847,GJC3
210144,GK-AS1
98925,GK-IT1
263598,GLB1L3
146378,GLCCI1-DT
71024,GLDN
128468,GLI3
264341,GLIS1
91374,GLIS2-AS1
449755,GLOD5
818190,GLP1R
632440,GLRB
388810,GLTPD2
141316,GLUD2
260919,GML
92233,GNA15-DT
400537,GNAO1-AS1
261990,GNAT2
140016,GNG4
139942,GNG8
71197,GOLGA6L10
279950,GOLGA6L22
330427,GOLGA7B-DT
648235,GOLGA8H
79172,GOLGA8J
87262,GOLGA8K
79017,GOLGA8Q
895766,GOLGA8S
140590,GOLT1A
764781,GORAB-AS1
129231,GPC4
141013,GPC5
882611,GPD1
15173,GPHA2
633278,GPR12
140896,GPR150
635766,GPR152
79594,GPR173
132817,GPR176-DT
509009,GPR31
140240,GPR37
512780,GPR39
139167,GPR61
386689,GPR78
75897,GPR83
151503,GPR84-AS1_ENSG00000258086
139264,GPRASP2
129158,GPRASP3
281224,GRASLND
75635,GRB14
14812,GRB7
137880,GRIA3
200926,GRIA4
141303,GRID1
78402,GRIK1
819696,GRIK4
75660,GRIN3B
249747,GRIP2
146364,GRM3-AS1
85381,GRM7-AS1
150014,GRPEL2-AS1
323867,GSC
6295,GSN-AS1
437465,GSTA1
74150,GSTT2B
158641,GTF2I-AS1
1015724,GYPB
97333,H19_ENSG00000130600
93733,H2AB1
10327,HAP1
896812,HAUS5-DT
137466,HAVCR1
1009407,HBM
1004499,HBZ
637371,HCAR1
22718,HCG21
695523,HDC
822748,HEPACAM2
384219,HES2
872201,HEY1
251954,HEY2
634575,HFM1
634733,HHIP
138659,HHIPL2
75606,HHLA2
144385,HHLA3-AS1
48856,HILPDA-AS1
205899,HLCS-AS1
96898,HMBOX1-IT1
138888,HMCN2
510601,HMHB1
159552,HNF1A-AS1
76765,HORMAD1
821528,HORMAD2
206577,HORMAD2-AS1
252194,HOXA-AS2
252195,HOXA4
632331,HOXA6
629316,HOXB-AS3
134214,HOXB5
264011,HOXB9
880387,HPCA
70202,HPD
259273,HPN
454213,HPN-AS1
140472,HPSE2
138232,HRH4
266170,HRNR
635374,HS6ST2
136814,HSD17B2
151953,HSPA2-AS1
622089,HSPA4L
630620,HSPB6
152486,HSPB9
77037,HTR3B
882296,HTR4
635349,HTRA3
67567,HTRA4
458962,HTT-AS
64258,HYAL1
137239,HYAL4
77339,HYDIN
96602,HYMAI
30372,ICAM4-AS1
501625,IFITM10
881958,IGF2BP1
200705,IGFBP1
86553,IGFBP7-AS1
142785,IGFL2
26051,IGHV1-67
26288,IGHV1-68
214256,IGHV1OR16-3
885900,IGHV3-16
26423,IGHV3-22
149920,IGHV3-25
216616,IGHV3-29
452695,IGHV3-38
898910,IGHV3-41
892632,IGHV3-52
211975,IGHV3-60
892411,IGHV3-62
26022,IGHV3-65
894789,IGHV3OR15-7
208442,IGHV3OR16-10
216597,IGHV3OR16-11
216704,IGHV3OR16-13
153153,IGHV3OR16-15
897461,IGHV3OR16-8
899537,IGHV4-80
26549,IGHVIII-11-1
892608,IGKV1-13
890823,IGKV1-33
147942,IGKV1-37
886616,IGKV1D-27
25405,IGKV1D-37
885669,IGKV1D-42
881851,IGKV1OR-2
216754,IGKV1OR2-6
888296,IGKV1OR22-5
892952,IGKV2-18
891014,IGKV2-28
24482,IGKV3-7
332295,IGKV3OR2-268
885667,IGKV6D-41
892893,IGLC4
885705,IGLJ1
885709,IGLJ3
885678,IGLV1-50
204906,IGLV11-55
892404,IGLV2-34
204925,IGLV3-22
26354,IGLV3-24
892580,IGLV3-6
138725,IGSF11
274417,IGSF22-AS1
638625,IGSF23
136767,IGSF9B
77670,IHH
705345,IL12A-AS1
624293,IL13RA2
261596,IL17C
137420,IL17F
136603,IL17RB
199215,IL2
78701,IL20RB
144696,IL21-AS1
880595,IL22
324284,IL22RA1
199282,IL26
77784,IL31RA
261252,IL4
154363,ILVBL-AS1
77017,INA
139541,INAVA
284602,INE1
881138,INHBE
128437,INMT
279386,INO80B-WBP1
88353,INTS9-AS1
622088,INTU
827076,IQCA1-AS1
77800,IQUB
152104,IRAIN
442940,IRX3
15537,IRX6
398573,ITFG2-AS1_ENSG00000256150
324863,ITGAD
142010,JAKMIP3
84839,JAZF1-AS1
440509,JCAD
506225,JPH2
150099,KBTBD11-AS1
150060,KBTBD11-OT1_ENSG00000253696
389458,KBTBD12
502814,KCNA5
126482,KCNAB1
139268,KCNB1
75171,KCND1
140307,KCND3
263075,KCNE2
631699,KCNH2
136846,KCNH4
144364,KCNIP2-AS1
632617,KCNIP3
156515,KCNIP4-IT1
78994,KCNJ10
636585,KCNJ12
137531,KCNJ13
201390,KCNJ3
69073,KCNJ5
131606,KCNJ8
138302,KCNK1
508293,KCNK10
134906,KCNK15
879422,KCNN2
761340,KCNRG
148577,KCTD13-DT
141439,KCTD16
511379,KCTD19
893858,KHDC1L
632851,KIAA0087
142144,KIAA0408
131052,KIAA1217
623915,KIAA1549
76417,KIAA1614
393782,KIAA1614-AS1
883915,KIAA2012
433388,KIF17
154022,KIF18B-DT
145477,KIF25-AS1
8979,KIF26A
139160,KIF5A
145804,KIF5C-AS1
195005,KIF7
137915,KIRREL2
72904,KIZ-AS1
1003593,KLC3
91843,KLF14
141612,KLHL33
946225,KLHL34
191023,KLHL4
138018,KLK14
20961,KLLN
522491,KLRF2
265406,KPNA7
148031,KRBOX1
385663,KREMEN2
140304,KRT15
72212,KRT23
139992,KRT24
76029,KRT36
387759,KRT78
69836,KRT80
140211,KRT86
143277,KRTAP16-1
81390,KRTAP29-1
142937,KRTAP5-2
88768,KRTAP5-9
22833,KRTAP5-AS1
140316,KSR2
201183,LAD1
196467,LAMA3
389815,LAMB3
74721,LAMC2
130171,LAMC3
146713,LANCL1-AS1
256785,LARP6
84697,LATS2-AS1
274940,LCIIAR
152363,LCMT1-AS2
143389,LCNL1
632648,LCT
142023,LCTL
193123,LDB3
272097,LEFTY1
141696,LEMD1
143349,LEUTX
260230,LGALS14
73611,LGI4
254185,LGR4
265053,LHFPL1
901324,LHFPL3-AS2
155564,LHX1
156090,LHX1-DT
199864,LIF
816644,LILRB5
265403,LINC00158
887922,LINC00200
94519,LINC00216
154766,LINC00221
156065,LINC00235
144025,LINC00240
141489,LINC00315
83897,LINC00326
269487,LINC00332
883942,LINC00334
142299,LINC00336
639949,LINC00355
207672,LINC00373
146112,LINC00384
144499,LINC00390
83560,LINC00399
642322,LINC00445
272240,LINC00461
84630,LINC00462
145420,LINC00484_ENSG00000229694
81037,LINC00487
80678,LINC00501
94698,LINC00506
646889,LINC00520
15039,LINC00525
1010280,LINC00570
516317,LINC00578
145273,LINC00582
95396,LINC00622
82780,LINC00629
142616,LINC00632
457548,LINC00635
86111,LINC00636
390874,LINC00671
90341,LINC00677
901375,LINC00689
218454,LINC00706
828627,LINC00707
207221,LINC00858
266349,LINC00862
497615,LINC00882
143974,LINC00885
277915,LINC00907
210825,LINC00939
142131,LINC00943
87222,LINC00964
890083,LINC01010
891846,LINC01018
146102,LINC01031
889690,LINC01055
87111,LINC01091
147704,LINC01115_ENSG00000237667
139542,LINC01116
20175,LINC01117
267474,LINC01120
142727,LINC01123
144839,LINC01132
638975,LINC01133
271506,LINC01143
646908,LINC01147
151016,LINC01152
33797,LINC01159
837314,LINC01163
827455,LINC01191
84136,LINC01198
210193,LINC01214
84448,LINC01219
899843,LINC01226
90780,LINC01227
152726,LINC01229
90978,LINC01238_ENSG00000261186
146745,LINC01250
142729,LINC01257
390181,LINC01270
146001,LINC01273
145223,LINC01277
147022,LINC01281
145594,LINC01284
80679,LINC01285
155721,LINC01297
84027,LINC01305
641887,LINC01309
85923,LINC01352
515173,LINC01357
527832,LINC01374
84350,LINC01412
88094,LINC01414
150173,LINC01419
142893,LINC01446
394783,LINC01447
94468,LINC01451
525352,LINC01478
277949,LINC01482
211940,LINC01484
88436,LINC01485
270502,LINC01505
82705,LINC01509
149365,LINC01511
640046,LINC01515
208793,LINC01524
82188,LINC01526
878209,LINC01535
82901,LINC01537
153834,LINC01538
896083,LINC01543
85301,LINC01553
147481,LINC01554
80877,LINC01556
885194,LINC01562
80591,LINC01565
87850,LINC01609
147698,LINC01610
644373,LINC01618
889673,LINC01634
146710,LINC01641
19758,LINC01644
146896,LINC01659
85171,LINC01664
32574,LINC01670
144191,LINC01671
144033,LINC01691
206667,LINC01724
156348,LINC01727
93940,LINC01730
84501,LINC01762
639253,LINC01770
277731,LINC01775
154224,LINC01801
82087,LINC01823
147449,LINC01829
213999,LINC01833
145565,LINC01840
277713,LINC01842
82504,LINC01907
91841,LINC01909
20720,LINC01918
896796,LINC01926
268947,LINC01939
307730,LINC01949
456506,LINC01967
147562,LINC01968
31622,LINC01990
157898,LINC02006
81482,LINC02026
890974,LINC02027
156417,LINC02033
886931,LINC02036
209701,LINC02037
148044,LINC02042
519659,LINC02044
890895,LINC02050
253471,LINC02055
149353,LINC02059
81747,LINC02068
154082,LINC02073
649303,LINC02078
395082,LINC02087
888430,LINC02090
149949,LINC02099
891983,LINC02105
149348,LINC02121
214241,LINC02130
644207,LINC02147
337116,LINC02156
91313,LINC02175
400077,LINC02182
25910,LINC02201
213928,LINC02206
86808,LINC02217
87170,LINC02218
148477,LINC02226
397142,LINC02228
87736,LINC02236
90542,LINC02240
81842,LINC02247
268109,LINC02249
85914,LINC02257
461670,LINC02284
148528,LINC02288
142290,LINC02291
151360,LINC02298
25846,LINC02315
275376,LINC02320
151488,LINC02327
898446,LINC02340
156790,LINC02357
150334,LINC02365
152527,LINC02367
275116,LINC02373
7979,LINC02381
27643,LINC02395
27623,LINC02399
151078,LINC02414
151459,LINC02416
24910,LINC02469
20005,LINC02471
95226,LINC02478
460100,LINC02489
1015965,LINC02506
84279,LINC02518
142651,LINC02520
146496,LINC02524
392206,LINC02527
146909,LINC02539
392034,LINC02542
150592,LINC02551
145370,LINC02572
641513,LINC02573
146623,LINC02574
154077,LINC02594
153055,LINC02605
82537,LINC02608
827282,LINC02609
269321,LINC02641
22456,LINC02642
268117,LINC02648
35305,LINC02680
142450,LINC02692
150539,LINC02695
396893,LINC02701
273351,LINC02714
512547,LINC02724
155511,LINC02725
142665,LINC02731
893071,LINC02732
645546,LINC02749
95505,LINC02765
145357,LINC02766
454427,LINC02770
1021319,LINC02772
826971,LINC02777
157090,LINC02795
144676,LINC02798
155657,LINC02804
155939,LINC02809
280419,LINC02815
282763,LINC02834
892938,LINC02842
145393,LINC02851
888404,LINC02857
160418,LINC02864
393030,LINC02865
89352,LINC02874
271518,LINC02877
16922,LINC02880
455303,LINC02884
465922,LINC02887
887121,LINC02909
79097,LINC02913
450121,LINC02915
209665,LINC02918
82876,LINC02936
85095,LINC02939
87894,LINC02948
153666,LINC02958
156369,LINC02961
150917,LINC02963
395210,LINC02971
824249,LINC02982
211245,LINC02999
271933,LINC03000
88688,LINC03019
88139,LINC03022
91323,LINC03048
89906,LINC03058
641828,LINC03068
343755,LINC03074
638809,LINC03076
143309,LINGO4
639791,LMCD1-AS1
139056,LMNTD1
889028,LNCARSR
274011,LNMICC
125473,LONRF2
632562,LOX
142473,LPA
140331,LPAR3
633943,LPAR4
134891,LPIN3
261479,LRAT
262966,LRFN2
874494,LRIG3
90071,LRP1-AS
891967,LRP2BP-AS1
458013,LRP4-AS1
203433,LRRC26
510653,LRRC36
75856,LRRC39
385540,LRRC4
16497,LRRC8E
633231,LRRC9
389550,LRRIQ4
16920,LRRN1
820972,LRRN2
510047,LRTM1
94710,LSINCT5
132629,LTBP2
624891,LURAP1L
65959,LY6G6C
148758,LY75-CD302
15189,LYPD6B
68474,LYVE1
129372,LZTS1
274930,MADD-AS1
138639,MAEL
397936,MAFA-AS1
508538,MAG
634826,MAMDC2
389923,MAP1LC3C
147825,MAP3K20-AS1
25694,MAP9-AS1
152110,MAPK6-DT
12704,MAPK8IP2
264313,MARCHF10
186841,MARK1
92580,MAST3-AS1
387813,MBD3L1
132353,MCF2L-AS1
198484,MCOLN3
633620,MDGA2
633550,MDH1B
887897,MED4-AS1
269117,MED8-AS1
380281,MEG3
256506,MEG8
139246,MEGF11
640828,MEIS1-AS2
627914,MEIS2
383283,MEIS3
464664,MESTIT1
200395,METTL21C
569803,METTL24
150548,MEX3A
619024,MFAP2
79708,MFSD6L
69702,MGP
639461,MICALL2-DT
91764,MILIP
879609,MIOX
14511,MIP
8704,MIPOL1
283145,MIR100HG
397357,MIR124-1HG
148297,MIR1302-2HG
454252,MIR1302-9HG
283055,MIR130AHG
637857,MIR1915HG
21649,MIR194-2HG
86554,MIR3150BHG
282717,MIR31HG
640281,MIR4500HG
72113,MIR4733HG
222484,MIR663AHG
881613,MKX
137667,MLANA
250255,MME
507361,MMP11
70512,MMP14
628607,MMP2
90518,MMP2-AS1
139115,MMP21
137906,MMP24
633495,MMP7
12283,MN1
446935,MORC1
75419,MPP2
74894,MPP4
505630,MRC2
687504,MS4A2
78014,MS4A5
80209,MSANTD1
250452,MSX1
133514,MT1A
262241,MTTP
881396,MUC4
247571,MXRA8
147428,MYB-AS1
332887,MYCBP2-AS1
97761,MYCBP2-AS2
620231,MYCN
75485,MYF6
260650,MYH7
199271,MYL2
139370,MYL3
198904,MYLK2
868378,MYO1B
260460,MYO3B
877291,MYO5B
83518,MYOSLID
635984,MYOZ1
634782,MYOZ3
458711,MYOZ3-AS1
18390,MYT1
141761,MYT1L
462758,MYZAP
378342,NAALAD2
140874,NAALADL2
138327,NACAD
261817,NALF2
254176,NAV2
30968,NAV2-AS6
70006,NAV3
155892,NAXD-AS1
144799,NCAM1-AS1
74392,NCAM2
82345,NCBP2-AS1
512104,NCKAP5
818033,NCS1
874470,NDUFA4L2
624677,NECAB1
150597,NECTIN1-DT
126294,NECTIN3
148183,NECTIN3-AS1
137146,NEFM
80762,NEU4
448957,NEURL3
25238,NEUROG2-AS1
261535,NEUROG3
879233,NEXMIF
90829,NFATC2IP-AS1
393126,NFE4
652327,NFIA-AS1
139768,NGB
136645,NGEF
78531,NHERF4
441957,NID2
900942,NIPAL4-DT
62168,NKAIN1
451473,NKAIN2
636152,NKPD1
261426,NKX2-3
635248,NLGN1
17275,NLRP11
201249,NLRP4
141665,NLRP9
77319,NMNAT2
881847,NODAL
390071,NOS1AP
382894,NOTCH3
636715,NOTUM
132453,NOVA1
261847,NPAS1
16443,NPAS2
14098,NPBWR2
31942,NPHP3-ACAD11
210665,NPHP3-AS1
893537,NPIPB8
80387,NPIPB9
634390,NPM2
622262,NPR3
140300,NPTX1
13974,NPY
280040,NR2E3
124845,NR5A2
377802,NRARP
141960,NRN1L
502409,NRP1
632452,NRXN2
882829,NSG2
74747,NTN1
131931,NTN4
637551,NTRK1
748807,NTRK2
942301,NUDT10
152921,NUP93-DT
133390,NUPR1
265391,NUPR2
203453,NUTM2A
80095,NUTM2B
386395,NXF3
137934,NXF5
139900,NYAP1
272420,OCIAD1-AS1
635190,ODAD2
885435,ODAD4
140605,ODAPH
881791,ODF1
83576,OGFR-AS1
77147,OLAH
632729,OLFM3
68201,OLFML2A
495783,OLFML3
69670,OLR1
129950,OMD
82144,OPA1-AS1
140447,OR10AD1
266031,OR11G2
151114,OR13A1
633456,OR1J1
86530,OR2AE1
78967,OR2B11
80294,OR2C3
202813,OR2D3
18377,OR2L13
266345,OR2L2
18552,OR2L5
635926,OR2T33
209742,OR2W3
143575,OR3A2
883874,OR4C6
822003,OR52A1
636255,OR52N2
79267,OR52N5
264523,OR5AN1
85329,OR5H14
265401,OR7A17
203093,OR8H3
446188,OSBPL6
882367,OSR2
71470,OTOA
140162,OTUD7A
80055,OVCH1
13401,OVOL3
158186,OXCT1-AS1
77890,OXGR1
125927,OXTR
141814,P2RY4
497912,P3H2
885480,PABPN1L
93511,PACERR
130470,PACSIN3
880391,PAEP
758159,PAGE5
255732,PAH
136726,PAK3
11265,PALM
33795,PANTR1
76518,PAQR5
890778,PAQR9-AS1
620880,PARD3B
262831,PART1
254148,PARVA
154819,PATJ-DT
159282,PATL1-DT
136466,PAX6
266278,PAX9
648714,PCAT18
135632,PCAT19
808281,PCDH1
448402,PCDH15
126995,PCDH18
140354,PCDHB1
142333,PCDHB11
137462,PCDHB5
140884,PCDHB9
3727,PCDHGA5
149973,PCDHGA7
153208,PCDHGB3
26069,PCDHGB6
203647,PCLO
577213,PCOLCE-AS1
387640,PCSK9
446509,PCYT1B
454926,PDE11A-AS1
440161,PDE2A
626705,PDE3A
147686,PDE7B-AS1
436228,PDGFRA
636746,PDIA2
127100,PDLIM3
62605,PDZK1
634913,PDZRN4
619770,PEAR1
138208,PEBP4
23372,PEF1-AS1
618882,PERM1
880158,PEX5L
86353,PFN2-AS1
393012,PGA3
83369,PGA4
4702,PGAM2
625109,PGAP4
82176,PGM5-AS1
94254,PGM5P3-AS1
627929,PHGR1
955978,PHLDA1-DT
130898,PHLDB1
140034,PHYHIP
262253,PIANP
877204,PIEZO2
264320,PIFO
889333,PIGO-AS1
218960,PIGY-DT
892326,PITPNM2-AS1
74978,PITPNM3
450970,PIWIL3
212865,PIWIL4-AS1
156118,PKD1L3
274128,PKIA-AS1
633768,PKLR
642758,PKN2-AS1
811036,PKP3
386276,PLA1A
635356,PLA2G1B
148533,PLA2G4E-AS1
635371,PLAC1
635597,PLAC8L1
193161,PLCE1
446945,PLCH1
78811,PLEKHD1
200962,PLEKHG4B
142067,PLET1
78080,PLIN4
877792,PLIN5
314834,PLP1
258806,PLPP2
263364,PLSCR2
506706,PLVAP
451928,PLXNB3
208157,PLXNB3-AS1
124899,PM20D1
945930,PMCH
75735,PMFBP1
129279,PNCK
147196,PNMA6A
144104,PNMA6F
135713,PNMA8B
319742,PNMT
79202,PNPLA1
632065,PNPLA3
136438,PON1
261919,POPDC3
19602,POU2AF3
141648,POU3F1
15245,POU4F1
143300,POU5F1B
137251,POU6F2
327128,PP2D1
277127,PPIAL4A
278488,PPIAL4H
436842,PPIC
200859,PPP1R1C
322722,PPP1R2C
65815,PPP1R3G
277168,PPP4R1-AS1
137641,PPP4R4
199194,PPY
145401,PRAC2
265430,PRAME
142385,PRB3
138070,PRDM12
894180,PRDM4-AS1
210664,PRDM8-AS1
460408,PRECSIT
624628,PREX2
79892,PRG2
868877,PRICKLE2
77831,PRKACG
884148,PRKD1
1780,PROC
136933,PRODH
198348,PROM1
331148,PRPS1L1
190316,PRR15
374948,PRR16
67095,PRRG1
82171,PRRT4
85325,PRRX2-AS1
871490,PRSS2
318912,PRSS22
136490,PRSS3
260888,PRSS33
572012,PRSS35
892689,PRSS51
71574,PRSS8
15004,PSD2
870481,PSORS1C1
15958,PTCHD1
259109,PTGER1
146299,PTGES2-AS1
134943,PTGIS
136822,PTHLH
620046,PTPN14
74789,PTPN21
191909,PTPN3
866834,PTPRF
273030,PTTG2
138858,PXDNL
867302,RAB25
195120,RAB26
882749,RAB3B
68651,RAB3IL1
138838,RAB41
866701,RAB42
92284,RAB5C-AS1
143604,RAB6C
827141,RAB6D
272189,RAD21L1
758728,RAG1
128959,RAI2
753014,RAMP2
72245,RAMP2-AS1
1003155,RAP1GAP
626776,RAPGEF3
126000,RARB
159717,RASA3-IT1
261166,RASAL1
639087,RASAL2-AS1
872573,RASEF
149658,RASGRF2-AS1
874274,RASSF8-AS1
627006,RASSF9
650581,RBAKDN
506029,RBFADN
198624,RBFOX1
142603,RBM20
776057,RCAN3AS
894248,RCCD1-AS1
454305,RD3L
76393,RDH5
434854,REEP1
449822,REG1B
825817,REL-DT
196695,REM1
148002,REPIN1-AS1
19152,RFPL3S
516625,RFPL4AL1
125738,RFTN2
265990,RFX8
877920,RGL3
148534,RGMB-AS1
139065,RGPD3
142260,RGPD4
76261,RGS22
132609,RGS6
17543,RGS7
632522,RHAG
76266,RHBG
451488,RHCE
451271,RHD
130663,RHOD
132838,RHOV
137043,RHOXF1
213551,RHOXF1-AS1
12839,RIMBP2
32106,RIMBP3
264593,RIMKLA
883936,RNASE10
644240,RNF103-CHMP3
261964,RNF128
815388,RNF165
636215,RNF182
68358,RNF208
452925,RNF212B
142108,RNF222
81667,RNU6ATAC35P
626043,ROBO4
273147,ROPN1L-AS1
140084,ROR2
142524,RORB
79525,RP1L1
98274,RPH3AL-AS1
266546,RPL26L1-AS1
275126,RPL36A-HNRNPH2
264630,RPRM
136687,RPS6KA6
150984,RPS6KB2-AS1
71670,RRAD
79194,RRH
148498,RRS1-DT
264783,RTL3
569768,RTN4R
272209,RUFY1-AS1
1003718,RUNDC3A
269027,RUNX3-AS1
86028,RUVBL1-AS1
434491,RYR2
637610,RYR3
709106,RYR3-DT
139365,S100A1
389508,S100A3
198885,SALL4
156604,SAMD12-AS1
147998,SAMMSON
83260,SAPCD1
85230,SAPCD1-AS1
636656,SATL1
262928,SAXO1
888747,SCAND3
140007,SCARA5
148401,SCARF2
85425,SCAT8
883027,SCG2
384684,SCG3
139898,SCG5
154403,SCGB1B2P
451406,SCGB1C1
463769,SCGB1C2
147032,SCMH1-DT
201913,SCN11A
209126,SCN1A-AS1
14565,SCN2A
196205,SCN4A
142262,SCN8A
77422,SCUBE1
136932,SEC14L3
446545,SEC14L5
146831,SEC61G-DT
62674,SELENBP1
126143,SEMA3B
127131,SEMA5A
898843,SENP3-EIF4A1
508271,SEPTIN3
636648,SEPTIN5
137597,SERPINC1
322589,SERPIND1
340001,SERTAD3-AS1
30289,SETBP1-DT
628517,SEZ6L2
191348,SFRP1
261435,SFRP5
82287,SFTA1P
820835,SFTPB
139912,SGSM1
775399,SH3PXD2A-AS1
201071,SH3RF2
458637,SH3TC2-DT
377435,SHB
200769,SHC3
508503,SHD
139689,SHH
883781,SHISA2
17148,SHISA3
146912,SHISA8
78171,SHOX2
148376,SIAH2-AS1
638601,SIAH3
828664,SIDT1-AS1
398113,SIGLEC10-AS2
79111,SIGLECL1
95558,SILC1
14651,SIX3
637173,SKOR1
510804,SLAMF9
322643,SLC10A1
645110,SLC10A5
511019,SLC13A4
624217,SLC16A2
507870,SLC18A1
261033,SLC1A1
880013,SLC1A2
140469,SLC22A13
137442,SLC22A2
437137,SLC22A23
138810,SLC22A3
90381,SLC22A31
202105,SLC23A1
636435,SLC25A21
151739,SLC25A21-AS1
264947,SLC25A41
74972,SLC26A4
140230,SLC26A5
270611,SLC26A5-AS1
632577,SLC27A6
14635,SLC28A2
78606,SLC2A14
142298,SLC2A7
273088,SLC2A9-AS1
137517,SLC30A3
152071,SLC30A4-AS1
191532,SLC30A8
261873,SLC34A1
203189,SLC35D3
17100,SLC35G5
151506,SLC38A2-AS1
139790,SLC39A2
644277,SLC41A3-AS1
633733,SLC44A3
138418,SLC44A5
139630,SLC45A2
31095,SLC46A2-AS1
1002863,SLC4A1
138148,SLC52A1
137011,SLC52A3
271945,SLC5A4-AS1
385151,SLC5A9
447576,SLC6A11
263372,SLC6A20
262377,SLC6A3
67392,SLC6A8
136929,SLC7A4
260295,SLC7A9
632085,SLC8A3
880195,SLC9A2
153706,SLC9A3R1-AS1
262075,SLC9A5
68857,SLCO2B1
1013736,SLFN14
264126,SLFNL1
77856,SLITRK5
79307,SLX1B
870114,SMAD5-AS1
8430,SMAD9
260509,SMC1B
7812,SMCO3
638897,SMCR2
257694,SMCR5
28723,SMG1-DT
460248,SMILR
5468,SMIM10L2A
901035,SMIM40
944166,SMIM43
655884,SMIM45
281211,SMYD3-IT1
138152,SNAP25
378790,SNCG
140444,SNTG2
867031,SNX7
147305,SNX9-AS1
201869,SOAT2
525170,SOCS3-DT
79686,SORCS2
139179,SORCS3
13164,SOX10
144841,SOX21-AS1
136440,SOX8
634253,SPAG17
79866,SPATA12
138943,SPATA25
140526,SPATA3
155910,SPATA31A7
141504,SPATA32
76876,SPATA9
37613,SPDYE17
260784,SPEF1
187719,SPEG
379500,SPIC
76946,SPIN2A
632857,SPINK4
448470,SPOCK1
7681,SPRN
1005998,SPTA1
147794,SPTBN1-AS2
635644,SPTBN2
139358,SPTBN4
279878,SRCIN1
517065,SRGAP2-AS1
14096,SRMS
264645,SRRM3
139118,SRSF12
510187,ST18
519223,ST3GAL6-AS1
620600,ST6GAL2
82829,ST7-AS1
34904,ST7-OT4
695848,STAR
140574,STARD6
4624,STEAP1B-AS1
128595,STEAP2
64790,STK32B
322172,STMN4
633288,STOML3
93947,STPG3-AS1
272022,STRC
152516,STUB1-DT
343622,STX18-IT1
637611,STYXL2
80617,SUCNR1
81447,SULT1A4
513759,SULT1C2
2244,SUSD5
636738,SV2B
818500,SV2C
272383,SV2C-AS1
152743,SWINGN
872294,SYBU
375274,SYCP2L
259301,SYNE4
137952,SYNGR3
275478,SYNJ2BP-COX16
275903,SYNM-AS1
276590,SYNM-AS2
76739,SYPL2
69225,SYT15
269095,SZT2-AS1
446520,TAF7L
141420,TAFA1
620720,TANC1
89066,TAS2R20
89192,TAS2R31
81696,TAS2R40
150812,TAS2R43
144570,TAS2R46
83580,TAX1BP1-AS1
884801,TBC1D28
527045,TBC1D3B
93780,TBC1D3D
79583,TBX1
449423,TBX10
94943,TCAF2C
637750,TCEAL5
636426,TCEAL7
140775,TCERG1L
76364,TCN1
510856,TDRD10
824305,TDRD15
67438,TDRP
130373,TEAD1
870582,TEAD3
131476,TEAD4
631989,TEKT2
632970,TEKT3
77172,TEKT5
88322,TENM2-AS1
77032,TENM4
149158,TERB1
882307,TERT
279978,TEX28
209851,TEX35
80596,TEX45
213363,TEX49
251493,TFAP2A
157100,TFAP2A-AS2
186835,TGFB2
197082,TGFBR3L
81763,TH2LCRR
94384,THBS1-AS1
145800,THBS3-AS1
582328,THBS4-AS1
149068,THEGL
451646,THEM5
149437,THOC3-AS1
627379,THSD1
623485,THSD7A
899582,THSD8
828452,TIAM1-AS1
445546,TIMP3
257512,TLCD3A
881607,TLCD3B
278577,TLCD4-RWDD3
22831,TLE1-DT
198784,TLL2
261300,TLX2
621566,TM4SF1
807228,TM4SF18-AS1
78187,TM4SF20
1003552,TMC5
265848,TMCO2
79733,TMEM105
633832,TMEM108
264946,TMEM132C
146029,TMEM139-AS1
78071,TMEM145
264781,TMEM151A
63347,TMEM178A
143368,TMEM213
757775,TMEM236
135900,TMEM238
153041,TMEM249
185974,TMEM54
144018,TMEM72-AS1
876673,TMEM98
141191,TMIE
67433,TMLHE-AS1
260594,TMPRSS11E
262166,TMPRSS4
882534,TMPRSS5
141838,TMPRSS6
140704,TMPRSS7
79033,TMPRSS9
212074,TNFRSF10A-AS1
942503,TNFRSF19
13914,TNFSF11
148818,TNFSF12-TNFSF13
880335,TNN
880163,TNNC1
261384,TNNT2
699251,TOMM20L
133474,TP53TG3D
82942,TP73-AS3
153043,TPBGL
138010,TPH1
264808,TPPP2
628302,TPSB2
632005,TPSD1
138173,TPTE2
151636,TRAV15
266889,TRAV9-1
148422,TRBV12-1
156178,TRBV17
143079,TRBV5-3
143088,TRBV5-7
149785,TRBV6-7
273747,TRBV6-8
143075,TRBV7-1
206709,TRBV7-5
149836,TRBV7-7
148151,TRBVB
66067,TREM2
22094,TRERNA1
266842,TRGV11
198579,TRHDE
452174,TRIM40
881518,TRIM55
263026,TRIM63
81105,TRIM71
644374,TRMT9B
819227,TRPC3
440253,TRPC6
640629,TRPM2-AS
74902,TRPM3
198569,TRPM5
249651,TRPM8
814538,TRPV3
75490,TRPV4
76059,TRPV5
70347,TSC22D1-AS1
140661,TSGA10IP
871405,TSPAN12
76155,TSPAN16
152628,TSPAN5-DT
128988,TSPAN7
632529,TSPO2
140903,TSSK6
69006,TTC36
508134,TTC39A
272235,TTC9-DT
202473,TTC9B
634561,TTLL10
142851,TTLL10-AS1
143330,TTLL13
136720,TUBA3D
636045,TUBAL3
870351,TUBB2B
624915,TUSC1
78775,UBQLNL
144304,UBXN7-AS1
205251,UCA1
77704,UCN
146565,UFL1-AS1
386311,UGT3A1
894048,UHRF1BP1L-DT
219620,UICLM
75525,ULBP1
408253,UMODL1-AS1
881058,UNC13C
952199,UNC5B-AS1
74156,UPB1
260982,UPK1A
86418,UPK3B
649205,UQCRFS1-DT
83798,USP12-DT
819893,USP43
154843,USP6NL-AS1
144843,UST-AS1
147399,UST-AS2
634583,VANGL2
399225,VASH1-DT
881314,VASH2
87228,VCAN-AS1
436522,VEGFC
451760,VEPH1
818753,VGF
635233,VPREB1
888995,VPS13A-AS1
811704,VSIG2
272056,VSIG8
138163,VSTM2L
814730,VTN
263570,VWA2
16870,VWA3A
139288,VWA5B1
156237,VWA8-AS1
78109,VWCE
200700,VWDE
140085,VXN
8400,WASF3
456955,WASF3-AS1
636707,WASIR1_ENSG00000185203
263626,WDR88
262323,WDR93
443119,WFDC1
320577,WFDC2
632852,WIPF3
129058,WNK3
74917,WNT11
80077,WNT7B
636463,WT1-AS
506817,WTIP
87732,WWC2-AS2
634617,XIRP2
81109,XKR4
836612,XKR5
90852,XKR7
265052,XKRX
84707,YEATS2-AS1
262598,ZAN
17075,ZBED2
148514,ZBED9-AS1
143676,ZBTB24-DT
145300,ZBTB46-AS2
407941,ZBTB7C-AS1
155464,ZBTB8B
142964,ZDHHC11B
407143,ZDHHC20-IT1
153264,ZFP3-DT
259446,ZNF112
637147,ZNF177
641590,ZNF197-AS1
628363,ZNF205
1022667,ZNF229
392033,ZNF25-DT
150697,ZNF286A-TBC1D26
890220,ZNF295-AS1
92885,ZNF30-AS1
145668,ZNF32-AS2
203779,ZNF385C
125994,ZNF385D
82332,ZNF385D-AS1
140910,ZNF454
284316,ZNF473CR
7436,ZNF503-AS2
137605,ZNF541
202265,ZNF556
823174,ZNF560
92701,ZNF628-DT
497385,ZNF662
262076,ZNF670-ZNF695
823052,ZNF679
191438,ZNF704
829013,ZNF709
79351,ZNF716
636368,ZNF804B
259741,ZNF837
148519,ZNF84-DT
513638,ZNF98
136558,ZPBP
17928,ZPBP2
77617,ZSWIM2
885284,ZYG11A
